SEP=	
Simbol	Cotatie	Capitalizare	MedieZilnicaTranz	VarYoY	VarYTD	BET_YTD	BET_YoY	VariatieCA	VariatieProfitNet	PE	PBV	GradIndatorare	CapitNetpeAct	ROE	ROA	MarjaOperationala	MarjaNeta	DataURap	PS	PAvgProfit	PBVxPE	PretNWCPS	nume	RandDividendHist	RandDividend	capmln
2P	1.03	14548585.200000001	9906.75698744771	-38.13813813813813	-20.155038759689926	-48.66465570134054	-119.76378937714513	13.864639278249147			2.6952885109889544	74.94303117990597	-0.9222727478682944	-23.042906880625104	-6.316944611997768		-2.949577021687702	2025-12-31	0.2934022186389835				2PERFORMANT NETWORK			14.548585200000002
4RT	1.29	14459978.94	4180.178047337277	-55.82191780821917	-16.774193548387096	-45.28381049003771	-137.44756904722618	-33.10154016703307			2.774316495484438	41.685780887867274	0.49090816310690977	-37.257443385291424	-17.270174748097574		-12.762962995448198	2025-12-31	0.9145657675257715			2.6277827442015145	FORT S.A.			14.45997894
AAB	3.9	22213347	4390.865517241381	-3.4653465346534684	-4.8780487804877986	-33.387665722138415	-85.09099777366046			13.095461611790153	1.4398218571564503	63.56182725065798	1.582592047024701	10.994815607417342	4.006309904502349	5.349944273283491	2.516195310441237	2025-12-31	0.3295073909564962		18.8551318582087	2.464311638196378	AGROLAND AGRIBUSINESS S.A			22.213347
AAG	4.11	41100000	14007.085413223142	-26.60714285714285	-16.96969696969697	-45.47931391134759	-108.23279409614985	9.00537492335034	-47.86049177128192	13.917771368604555	0.8367934539052937	17.841114628141945	2.3458671	7.000652501593422	5.897580125424613	10.48913367094427	9.215380910357544	2025-12-31	1.0876302645638125	35.75477962818509	11.646299974198811	1.7520174096819041	S.C AAGES S.A.	4.587155963302751	7.3170731707317085	41.1
ABN	0.29	12759332.709999999	1402.076861244018	-3.3333333333333326	-20.76502732240437	-49.274644264054984	-84.95898457234033	-30.71563831198574		13.59381631194113	0.40035390845862145	43.26488375073404	0.44199329605850524	0.16475158387567385	0.08357260441972279	4.110068408299053	0.14574759708001417	2025-12-31	0.3795450091192242		5.442337491354194	0.656118548824355	ABN Systems International S.A.			12.759332709999999
ADISS	0.218	3701640	1830.5020645161294	-51.33928571428572	-29.220779220779225	-57.73039616242984	-132.96493695329272				0.4745439217600702	84.82954707449723	0.025804829210836277	-224.64686498771349	-34.07994690157884		-527.2683725152546	2025-12-31	1.1138014382133634			8.448031111496556	Adiss SA			3.70164
ADMY	19.6	10308874.8	224.2826086956522	145.00000000000003	117.7777777777778	89.26816083612718	63.37434876099303				2.669543528149279	19.08720196152136	-1.023094780431323	-12.205107541778643	-9.875494015658479		-165.36325393567492	2020-12-31	36.16882545496648				ADMET SA GALATI			10.3088748
AG	1.57	141267017.44	67166.21562753034	5.369127516778538	1.9480519480519431	-26.561564993598672	-76.25652372222847	8.03944124338123	8.340194405439094	13.400019999432761	1.7223837416417147	75.6414345153773	-0.7351124137954335	13.561107823938354	3.6258121042282996	6.621080372858783	2.8742265726716405	2025-12-31	0.38688649590417346	49.38950876673258	23.079976584696805		Agroland Business System S.A.			141.26701744
AGCM	0	0		100	100	71.49038305834938	18.374348760993			0	0	7.960389369486558	6.5888333333333335	3.042558376627593	2.8003588830541073	5.7555894039853985	3.2385288080156753	2025-12-31	0			0	AGROMEC SA CIOROGARLA			0
ALB	1.76	17724256	891.8665384615384	119.99999999999997	-12	-40.50961694165062	38.37434876099297				1.0544274575511925	14.555186777421426	-0.2758181240442476	-1.3736628361630556	-1.1737236446674983		-115.23708284050247	2025-12-31	88.45630898374532				ALBAPAM S.A.			17.724256
ALCQ	41	5089576		0	0	-28.509616941650616	-81.625651239007			14.2443857331572	0.17940774578688023	2.0087357301560167	13.296416833150738	1.2594979464033047	1.2341979611333203	17.08829874967594	11.983202910279246	2025-12-31	1.7069336457270952		2.555553134504531	3.083537505967657	ALCOM SA TIMISOARA	6.264634146341463	6.264634146341463	5.089576
ALDANI	1.77	89162454.36	3132.916315789472	37.2093023255814	22.06896551724138	-6.440651424409236	-44.4163489134256			59.35798105869461	5.301428031973938	1.3472116696559278	0.3113076501677404	8.931280911882359	8.810957653187726	44.21557043342117	129.64693311606317	2025-12-31	76.95580200221126		314.6820647059416	5.685693875644493	ALDANI MASTER CAPITAL S.A.	1.8205128205128203	2.0285714285714285	89.16245436
ALR	1.465	1045686432.7750001	68712.86558704454	-15.07246376811594	-2.006688963210701	-30.51630590486132	-96.69811500712294	7.984832037921841	-20.95860566448802		1.0683165829516652	70.71880670739478	-0.5766713816872778	-4.882331367254343	-1.461423058837579	1.2564997229026658	-1.2062397339865591	2025-12-31	0.2628442527115513	141.87135032222324			ALRO S.A.			1045.6864327750002
ALRV	22.2	9125865	1017.8222222222222	-56.470588235294116	-44.50000000000001	-73.00961694165062	-138.09623947430111			7.5321085016032585	0.3527383390347195	1.5992942636634484	23.254131241257678	4.6831287541813404	4.608231744655745	44.043132959219726	71.58467717635214	2025-12-31	5.391835555445267		2.6568634422848234	0.9546690766332552	ALIMENTARA SA Slatina			9.125865
ALT	0.074	22647601.58	2694.7095307377076	-8.074534161490687	12.977099236641209	-15.532517705009408	-89.70018540049769	-18.644120256797116			0.28787811096521054	39.89143221106577	-0.012762682484455822	1.1956385297228795	0.7205465379988287	2.5215130158013697	0.8988484588860476	2025-12-31	0.22164550687009907				ALTUR S.A.			22.64760158
ALU	2.6	81250000	37578.05546558704	-3.703703703703709	10.63829787234043	-17.871319069310186	-85.32935494271071	5.504648465071749	43.2762961629342	12.101111976764674	1.104900039251489	31.00289405526872	0.892623552	8.68101047838022	5.758231163471981	6.875209576592679	5.25573065797771	2025-12-31	0.6754184774428226	65.82143394322912	13.37051909811395	2.9127620419318716	ALUMIL ROM INDUSTRY S.A.	5.610561056105611	6.4393939393939394	81.25
ALW	25.7	172697369.4	35790.1402892562	41.20879120879122	29.145728643216096	0.6361117015654791	-40.41686003021578	923.8182772725377	1675.382838140752	8.925057799285986	1.7206422295813872	43.54583531592965	11.42617201672326	15.21379062371127	5.610378848177017	7.637337865153326	6.358430479667026	2025-12-31	0.6099143386101887	65.34895158806299	15.356831350906187	2.249222220914027	VISUAL FAN S.A. - ALLVIEW	3.4682080924855487	2.4	172.6973694
AMAL	0.0455	4209507.8935	114.48138059701495	-17.272727272727273	-8.080808080808088	-36.5904250224587	-98.89837851173428				0.5038301424150815	23.81111571617659	-0.023766920155794215	-0.29949680515197225	-0.22818327431098415			2025-12-31					INTERNATIONAL CAVIAR CORPORATION SA CALAN			4.2095078935000005
ANIM	3.24	139624.56		29.600000000000005	29.600000000000005	1.0903830583493885	-52.02565123900699			0.12946672984323002	0.04966213988388359	10.328054208442241	4.821784935257808	38.35899766991797	34.39725959675374	280.56093016189357	240.95442582075083	2025-12-31	0.3119558155226575		0.006429594847783456	0.6719503344723039	ANIMAFILM SA BUCURESTI			0.13962456
ANTA	5.45	33417617.85	31.125	-13.492063492063489	-13.492063492063489	-42.00168043371411	-95.11771473107049				3.555791639803913	4.564621217829425	0.07658203560431223	-0.5453985765817511	-0.5205031974333608			2025-12-31				71.16551495391587	ROMANTA ESTIVAL 2002 SA NEPTUN			33.41761785
APP	1.45	7666150	4599.749266055045	-76.22950819672131	-72.38095238095238	-100.890569322603	-157.8551594357283	-10.683871336292672	-61.56850287764407	27.516789363924495	0.9890983266553944	42.72332717999045	-0.45630508795157937	5.351784347587501	3.171392271306332	2.9249409180602135	6.5816863948598066	2025-12-31	1.2643433616262971	47.931311885057134	27.216810314786674		APPRAISAL & VALUATION S.A.	5.3128205128205135	21.583333333333336	7.66615
AQ	1.79	2362804725.6	508727.5322995954	37.30822873082289	39.053672316384194	10.544055374733578	-44.31742250818411	12.952899976596077	-82.70465193089926	69.12397171715328	4.450802753452309	63.17554611305709	0.02235884997926974	9.441832575165842	3.3824156735516073	3.109986748351941	1.4363907530757911	2025-12-31	0.6617642338550913	169.01910545379528	307.65716364826534	80.05778479929062	AQUILA PART PROD COM S.A.	3.658357771260997	2.8271954674220967	2362.8047256
ARAX	1.68	10318220.639999999	752.3074712643677	4.999999999999982	-6.145251396648055	-34.65486833829867	-76.62565123900701			4.704890756578407	0.9619623388330334	87.91188071077488	-2.781848572681811	20.446007964967343	2.4715378326897213	4.520084629467881	4.207652050288438	2025-12-31	0.19796543238300252		4.525927716152085		ARMAX GAZ SA Medias			10.318220639999998
ARCU	3.68	100297881.12	10986.033617021281	-24.897959183673468	-1.0752688172043001	-29.584885758854917	-106.52361042268046			16.484838907014012	1.0215708594086825	21.85213414518877	0.6475794279471415	6.197032710911248	4.842848809901694	41.371247092323024	61.86487269974877	2024-12-31	10.198324604582877		16.84043104945199	5.6827005942202025	SIFI CLUJ RETAIL SA Bucuresti	4.741379310344828	5.699481865284974	100.29788112
ARCV	0.172	103332599.1	535.5709795918364	31.297709923664097	-9.473684210526322	-37.983301152176935	-50.3279413153429			7.025751222455403	1.0608328021004227	28.47025509272521	0.11290837851382372	15.09920816310482	10.800425082087289	26.659328842139967	28.523251986007647	2025-12-31	2.0039727250909674		7.453147356177836	1.5233590479641994	IMOTRUST SA ARAD	6.541353383458645	5.058139534883721	103.3325991
ARJI	34.6	128602318	575.2052631578947	136.98630136986304	97.71428571428574	69.20466877263512	55.360650130856044			69.47946340778199	4.599604426842751	20.34594155153201	1.5203122015265698	6.620092040502971	5.273171983284614	13.812998235011516	11.374165391256321	2025-12-31	7.902709080958538		319.57804746509294	22.758483399171293	ARTECA SA JILAVA	2.571428571428571	1.3740458015267176	128.602318
ARM	0.298	11920000	5594.230524324324	138.39999999999998	-77.07692307692308	-105.5865400185737	56.77434876099298	-100			1.791892438349204	0.8300112360706342	0.167411975	-12.165468677130288	-12.11863574355217		-86.87155116297869	2025-12-31	20.70709878258936	1899.752968364013		1.780039928445979	ARMATURA S.A.			11.92
ARMT	2.1	26257677.6	79.44619718309858	-19.23076923076923	30.434782608695656	1.9251656670450394	-100.85642046977622			10.567362875735979	0.5585004404482394	24.813811269582438	0.8431354797348871	5.2851449033763025	3.9736990217285517	12.624745025326384	10.70132414345672	2024-12-31	1.1308477547478166		5.901876820474918	2.490702918421032	CAROMET SA CARANSEBES			26.2576776
ARO	1.4	564482199.4	2804.6548208955232	225.58139534883722	258.97435897435895	230.46474203270833	143.95574410983022			591.5069698379565	3.1795679723649934	4.647548777402466	0.10749238127348468	0.5375368566216618	0.5125545690136543		2.8434068561623684	2025-12-31	16.81894973505073		1880.7366167274326	13.024178861924051	S.C. ARO-PALACE S.A.			564.4821994
AROBS	0.71	783201350.03	277171.909202429	11.811023622047244	5.970149253731338	-22.539467687919277	-69.81462761695975	20.199724172625523	11.703963525112759	24.814090286507515	1.6168745883152171	32.767101421014786	0.1281959303774874	6.482531528908764	4.475493872805682	7.738507114538026	6.8826273001719205	2025-12-31	1.6594331158901976	110.40608185767968	40.121272016413464	5.5383973415484	AROBS TRANSILVANIA SOFTWARE S.A.			783.20135003
ARS	13.3	2025290085	41184.25943319838	47.777777777777786	41.48936170212767	12.97974476047705	-33.84787346122921	15.42749167762496	95.38395782875054	17.145748336465687	2.6725001319564123	20.49172158159181	3.0214650954556963	13.804042494772636	10.906766763381334	15.427265430327802	15.80135840395594	2025-12-31	3.1328010422612333	69.5720956235973	45.82201469169598	4.401838042082065	AEROSTAR S.A.	2.7906976744186047	1.7977528089887638	2025.290085
ARTE	9.3	75467137.80000001	1524.7068750000003	-22.499999999999996	-11.428571428571422	-39.938188370222036	-104.125651239007	-9.769501677752523		217.4350444711435	0.8717795873714306	15.188947757446607	6.618232166478162	0.08814451023650986	0.07433865500070859		0.05809039014221929	2025-12-31	0.5898165356378136		189.55543334914213	1.4052090899901022	ARTEGO SA Tg. Jiu	2.991453846153846	4.273505494505494	75.46713780000002
ASC	12.6	147694692.6	59423.77203252032	81.03448275862068	34.04255319148935	5.5329362498387304	-0.5911684803863153	222.35642373463426	304.16270975227206	5.068665645896128	3.952881580258798	33.78844065997981	1.351200553566811	78.67481767243109	53.42418313236781	63.57182215097074	52.67154802736296	2025-12-31	2.666138340726853	31.47094620149928	20.035835068153368	9.325040584641075	ASCENDIA SA	3.3730158730158735	1.3654618473895586	147.6946926
ASP	0.0215	24402987.920999996	2009.4693333333332	-27.118644067796616	-6.521739130434789	-35.03135607208541	-108.74429530680362				0.44565844165312163	46.764704681391194	-0.036324543304682155	-0.5348543132829731	-0.2847312732005078		-8.55169719380783	2025-12-31	7.125559148039309				RAFINARIA ASTRA ROMANA S.A.			24.402987920999998
AST	21	90884745	20431.57322175732	-1.4084507042253502	7.14285714285714	-21.366759798793478	-83.03410194323234	60.03427698729953		15.354162918287445	3.5113108880537167	59.703535396128416	1.8854552323384963	15.052801054776316	4.425617583990923	5.5614997013310745	3.1359223442877338	2025-12-31	0.7893671216471606	112.60729224659313	53.913239431933334	11.137893724452994	ARCTIC STREAM S.A.	6.999999999999999	6.60377358490566	90.884745
ATB	2.19	1470230307.6	571428.5190364376	-11.336032388663975	-10.612244897959188	-39.12186183960981	-92.96168362767098	-15.25841871478213	-61.51149459778304	46.39305994073094	1.556396752368505	36.73166247403304	0.06733470369115387	5.5542250933046375	3.7175782454184807	11.008202353074292	8.022842581502834	2025-12-31	2.3686955009373785	53.44965310065218	72.20600782419102	32.524090549873655	ANTIBIOTICE S.A.	0.8272434607645875	0.9429816513761466	1470.2303075999998
ATRD	45	114833925	8624.90289855073	1.3513513513513598	-6.6390041493776035	-35.14862109102822	-80.27429988765564	36.72409444228917	-87.62408370137565	10.8265735165023	1.0191783677799056	44.60983264125923	35.42430222601901	10.830859439020992	6.2318107418613184	11.658446870203653	9.39080004768109	2025-12-31	0.8291570807756887	54.12080691586512	11.034209525197967	1.2703143653440174	ATELIERELE CFR GRIVITA SA BUCURESTI			114.833925
AUXI	22	2040742		0	0	-28.509616941650616	-81.625651239007			5.02069545792268	0.19921786607860192	12.430423195208972	49.64154116492923	3.967933680666395	3.4747027320543307	2.2453211955853165	3.7315312767953706	2025-12-31	0.18734882132502934		1.0002122353578855	0.44317721576989566	ATM - CONSTRUCT SA PLOIESTI	49.54545454545455	49.54545454545455	2.040742
AVIO	2.5	98457530	5340.800171673815	-14.383561643835618	-6.7164179104477695	-35.22603485209839	-96.00921288284262				1.1256370767219455	75.87296612768397	-0.5183563410538534	-23.21275422018169	-5.600549073400709		-86.89380484654406	2025-12-31	4.213670103294855				AVIOANE SA CRAIOVA			98.45753
AVSL	47.6	120751727.60000001	4878.64126984127	207.0967741935484	25.263157894736853	-3.2464590469137633	125.47112295454141			6.618028149592371	1.9005283157039754	32.72924849476948	13.04759222343416	28.717440795730614	19.318438236357636	16.33091384111364	13.090955778946894	2025-12-31	0.8663631385013948		12.577749892426286	3.6481826826644617	AVICOLA SA SLOBOZIA	11.317241379310344	4.207692307692308	120.75172760000001
BADE	2.22	3058938.0000000005		1607.6923076923076	1607.6923076923076	1579.182690750657	1526.0666564533005			480.2854451248234	3.871872472441304	4.546953816413447	0.08419333768778577	0.8061606929260633	0.7695049385326366	8.637035630484613	8.638391948893922	2025-12-31	41.488939223372086		1859.6039938930223	26.36788207913111	BAD SA SUCEAVA			3.0589380000000004
BALN	0.132	20922000	142.28235135135137	-0.7518796992481258	-19.512195121951216	-48.02181206360183	-82.37753093825512				1.6108651243465917	38.430497848204766	-0.0494846309148265	-10.774610388070514	-6.633873974730628		-14.643152857027905	2025-12-31	2.1892340788469573				TRATAMENT BALNEAR BUZIAS SA BUZIAS			20.922
BBGA	2.18	178947922.54000002	955.0123809523811	-0.909090909090915	17.83783783783783	-10.671779103812785	-82.53474214809792				6.576772259113502	73.82593719347726	0.5427321446455502	-288.871464966842	-75.60939867054353		-266.57069580042446	2025-12-31	6.069047897943308			4.016714361784714	ALUM SA Tulcea			178.94792254
BCM	0.139	22562398.268000003	15072.25256349207	-10.322580645161283	-17.751479289940832	-46.26109623159145	-91.94823188416828	-100		18.19652437196001	0.5547704639733818	0.29844919774035455	0.24785306023656617	1.5179351492515927	1.5050313362741965		1481.6721661490683	2025-12-31	2575.9102943258367	585.2357364298191	10.094894268535205	0.5608161540040292	CASA DE BUCOVINA-CLUB DE MUNTE			22.562398268000003
BENTO	8.04	112560482.39999999	66993.75643724695	0.7518796992481036	13.239436619718315	-15.270180321932301	-80.87377153975889	71.36615235553481	452.16669918005914	12.991977857406265	2.281112893791486	33.61335895795548	0.5957267325997174	13.767530605751372	9.094717691546904	14.504185029159705	15.198786604864814	2025-12-31	2.3088604148891156	33.62314490758603	29.636168206382916	13.496120889042361	2B Intelligent Soft S.A.			112.5604824
BIBU	7.35	39812642.1	216.371875	61.89427312775329	155.20833333333334	126.69871639168272	-19.73137811125371			48.53365447208982	0.5484543155751268	23.89960634137361	-2.914580797188539	1.130049491514235	0.8599721115796386	14.334676374148966	13.897609260848661	2025-12-31	6.745017658541445		26.618492245849716		BTT SA BUCURESTI			39.812642100000005
BIO	1.37	1349964229.5	156061.45915853666	58.56481481481484	69.1358024691358	40.62618552748518	-23.06083642419216	-2.7231238810001446	0.6383915213914237	13.387246719968228	2.3239996832321714	14.16512844629007	0.32231089401617363	18.35206921414489	15.801146525897675	33.15779399119573	31.513398222119825	2025-12-31	4.261983400814368	47.38040475286018	31.111957136557088	4.2505544349712645	BIOFARM S.A.	3.5227272727272725	2.2962962962962963	1349.9642295
BIOW	0.071	3565503.3469999996	1370.6360661764704	-2.0689655172413834	-15.476190476190489	-43.9858074178411	-83.69461675624838				0.6270819562195021	42.980109152661896	-0.044640448909947415	-31.08181428859109	-17.72281658072698		-124.40184314669574	2025-12-31	2.509832612518249				Vifrana SA			3.5655033469999995
BKBETETF	43.115	3449200	14740.11184647303	84.60715050310425	49.08367911479945	20.574062173148835	2.981499264097252																FONDUL DESCHIS DE INVESTITII ETF BET BRK			3.4492
BLEA	0.51	2575915.65		0	0	-28.509616941650616	-81.625651239007				0.2082485160392584	9.184064616344493	2.448997043051468	-0.41949383120371503	-0.38096724668438675			2025-12-31				0.2082485160392584	BALEA ESTIVAL 2002 SA NEPTUN			2.57591565
BNAT	0.159	623304.327		0	0	-28.509616941650616	-81.625651239007				0.06581769090799273	34.95627104097286	2.4157638745222445	-33.5128937577005	-21.79803578208544			2025-12-31				0.06581769090799272	BANAT ESTIVAL 2002 SA OLIMP			0.623304327
BNET	0.0996	63164000.71439999	60621.080794736874	-21.264822134387362	-12.631578947368427	-41.141195889019045	-102.89047337339436	14.682142805226883		123.0418010074919	1.0082473707281197	73.03578411405611	-0.06969733360471511	-7.740490435993316	-1.3378415212261472	0.33682773341454214	-1.3059875436205641	2025-12-31	0.15748723674818368		124.05657235545621		BITTNET SYSTEMS SA BUCURESTI			63.1640007144
BONA	0.52	6134583.5200000005	2181.608034285716	-30.201342281879196	-13.33333333333333	-41.84295027498395	-111.82699352088619	-45.256573724451634			0.4980057732001613	44.65420045945157	-0.4806192548178071	-19.82026385946106	-11.59841688843739		-11.460586932043748	2025-12-31	0.3398927871571532				BONAS Import Export SA			6.1345835200000005
BRCR	0.3	22839770.4	552.1414385964912	19.047619047619047	-18.918918918918926	-47.42853586056954	-62.57803219138795				1.12429321290739	21.871470549380437	0.06276433496897149	-9.920840396950378	-7.75100671128034		-45.26049752486198	2025-12-31	5.129209637890777			4.7797845726925905	BRAICONF SA BRAILA			22.8397704
BRD	37.4	26064116773.2	2498648.563481781	91.79487179487178	39.033457249070636	10.52384030742002	10.169220555864783		5.481398467049581	16.655696756486293	2.3987095741343256			14.614799344155841	1.5765405498347644		35.53663583859416	2025-12-31		74.81920144179799	39.952179273661706		BRD - GROUPE SOCIETE GENERALE S.A.	5.911173184357542	2.829144385026738	26064.1167732
BRK	0.127	42853603.904	114200.27162307705	49.061032863849775	25.12315270935961	-3.386464232291008	-32.564618375157224			4.79099479452162	0.4790235339504836			5.859547918309636	1.350958925828625		8.891361672304884	2025-12-31		59.196192843181265	2.294999257610117		SSIF BRK FINANCIAL GROUP SA			42.853603903999996
BRM	2.28	49140951.72	2361.970534759359	-8.800000000000008	-11.627906976744196	-40.13752391839481	-90.42565123900701	-8.422744940422211		47.16461294381531	2.3297558976078365	42.00706250439564	0.6327145639579811	5.89059675798895	3.8037451697168887	8.288851292367951	3.519696444679964	2025-12-31	1.2537728345397368		109.88203516424461	3.603520655091821	BERMAS S.A.	2.6923076923076925	3.211009174311927	49.14095172
BRNA	20.8	45173211.2	2799.648148148148	-25.71428571428571	-13.33333333333333	-41.84295027498395	-107.3399369532927				0.6764360711228931	28.22462087792031	-3.2149214311335035	-24.081692874093093	-17.284726359395165		-43.63103253639493	2025-12-31	1.225561856563025				ROMNAV SA BRAILA			45.173211200000004
BTBETRETF	12.472	339862000	4936999.653725804	100	100	71.49038305834938	18.374348760993																FDI BT Index Romania ETF BET-TR			339.862
BTF	1030	2365910	40430.16129032258	68.85245901639345	68.85245901639345	40.34284207474283	-12.773192222613545											2014-12-31					F.I.A.I.R. BET FI Index Invest	2.9508196721311477	1.7475728155339807	2.36591
BUCS	0.282	10571832.576	708.467940677966	-11.875000000000014	8.461538461538453	-20.048078480112164	-93.50065123900701				3.465674648903109	83.09113726464041	-0.21440328473851156	-124.80599520069235	-21.10327441398455		-18.258042659897885	2025-12-31	0.5069983656093514				BUCOVINA SA SCHEIA			10.571832576
BUCU	1.68	186753218.4	12099.928872549017	-87.6470588235294	-13.4020618556701	-41.91167879732072	-169.27271006253642	-1.1903057912005854	2.9437103645074902	15.779684954196611			0.6677035169103142	6.32168513891614	6.073234916040486	35.55399222407673	35.72258713291701	2025-12-31	5.691440970001092	60.804341588508706		2.516086792194712	BUCUR OBOR SA BUCURESTI			186.7532184
BUCV	1.22	101596224.67999999	11183.30901273885	25.773195876288657	8.92857142857142	-19.581045513079196	-55.852455362718345	1025.928383096742		2.9162382114367915	0.5739062055767521	14.261479079456294	0.21169184335088623	16.880773490899553	13.990214798339299	91.20913850015063	81.93684239071939	2025-12-31	2.1301073618197695	31.11375604152983	1.6736472064836232	5.763094036541642	BUCUR SA Bucuresti			101.59622467999999
BVB	78.2	797282078.6	237878.32631578948	122.64768105623443	107.4052970230448	78.89568008139418	41.022029817227434	71.2326263017369		45.81163625628064	3.784925270802703	27.68169890789698	11.809924610288363	4.437107534995662	3.4741760307769285	6.806551071792947	10.826517987064715	2025-12-31	8.404547515839576	266.36786361355917	173.39361976321794	6.621549466274755	SC BURSA DE VALORI BUCURESTI SA			797.2820786
CAB	0.035	593231.4500000001	1560.3181111111116	-61.53846153846154	0	-28.509616941650616	-143.16411277746855				-0.08005804170219853	1036.652479974517	-0.32840696493754673		-189.03358371948693		-119.72495972643074	2024-12-31	0.25117013164563184				GOCAB SOFTWARE S.A.			0.5932314500000001
CACU	24.6	24249031.8	3421.8723684210527	18.26923076923077	11.818181818181817	-16.6914351234688	-63.356420469776225			57.3253676653105	1.0107882633334861	4.649932717012129	4.1978294325136725	1.76324776359899	1.681257928957416		40.623751536570374	2023-12-31	23.28771492778119		57.943808827372784	5.860171404170048	COMAT CLUJ SA CLUJ NAPOCA			24.2490318
CAIN	60	88003740	4465.185393258427	56.25	54.639175257731964	26.129558316081347	-25.375651239007			43.18180435352226	0.5438736965361581	0.35704093254033353	0.858888724501936	1.25949738478632	1.2550004635783578	57.68826797920167	50.5083594799427	2025-12-31	21.810420972802568		23.48544755685132	69.85771065372131	CASA ALBA - INDEPENDENTA SA SIBIU	1.5555555555555556	0.8974358974358974	88.00374
CAOR	1.71	54963574.11	1094.6871241830072	-18.571428571428573	-17.78846153846154	-46.29807848011215	-100.19707981043557				3.5094724123346612	15.260589983327513		-5.9204576422220825	-5.0169608763059905		-49.89520324113909	2025-12-31	29.576402681075077				SIF HOTELURI SA	9.041666666666668	12.690058479532166	54.963574109999996
CBC	25.2	124119122.39999999	5107.797183098592	-23.636363636363633	17.757009345794405	-10.752607595856212	-105.26201487537062	12.733570938493855			2.3750534955305547	42.21588475575725	0.9241192830090458	-3.1896893972967812	-1.8474244237881718		-5.895604168565268	2025-12-31	4.283250560161823			27.26920697720505	CARBOCHIM S.A.	2.8249999999999997	4.52	124.1191224
CBOT	30	31047660	418.1	-7.4074074074074066	-25	-53.50961694165062	-89.0330586464144			47.9284399930842	0.9561104233406331	43.92353893931571	-5.995847030017721	1.9948707353683832	1.1186529111298378	0.8272098303159003	0.3096500331111655	2025-12-31	0.14841043030825032		45.82488105184386		COMCEREAL SA BOTOSANI			31.04766
CC	13.8	180531586.20000002	64794.61893877552	93.27731092436977	93.27731092436977	64.76769398271915	11.651659685362773	106.74460725835142	209.39270298970533	4.431281805912741	2.7829736384741364	36.74193813345003	3.680657749629854	40.80730268935873	26.651018438435802	9.014069972494951	25.07458745612784	2025-12-31	1.1736797976875442	34.597317193554225	12.332140450505223	3.7493298586068757	CONNECTIONS CONSULT S.A.	5.670623145400593	2.7796363636363637	180.53158620000002
CCOM	0.0885	45837515.2125	1111.710169724771	10.624999999999996	22.06896551724138	-6.440651424409236	-71.000651239007				0.5769980744351753	13.514897178394742	0.09626271598807598	-1.496550298493105	-1.2942930644288022		-30.655355959046087	2025-12-31	11.819236130790134			0.9193590591290033	CEREALCOM SA ALEXANDRIA			45.8375152125
CEPO	4.64	6702452.159999999	2463.611020408163	-13.271028037383182	-9.019607843137257	-37.52922478478787	-94.89667927639019			26.410586218717857	0.6044566934914181	3.2345976475352005	3.57399199996677	2.2886909381171714	2.214660994873482	2.9371594988349097	4.838808395359927	2025-12-31	1.2779576632150915		15.964055618936209	1.2982681550611028	CEPROCIM SA BUCURESTI			6.702452159999999
CFED	2.24	2625687.68	1705.4759259259256	31.764705882352963	28.735632183908066	0.22601524225744996	-49.860945356654035				0.9500669504180467	7.357561203227701	0.8051556840149396	-16.779613610369047	-15.545043269321019		-2122.264427257334	2025-12-31	120.16327307674706			2.78207065350412	CONSTRUCTII FEROVIARE CRAIOVA SA CRAIOVA			2.62568768
CFH	36.5	2941900000	1024064.875923567	100	97.2972972972973	68.78768035564669	18.374348760993	7.272535405390079	53.222385338899784	24.198844601615242	6.69219269155552	44.056314123309264	0.4980424069478908	27.089750617108958	16.41004226244928	11.675261008020225	9.591343948893352	2025-12-31	2.506204246235982	115.23267097494305	161.94333098701728	73.2869319776999	Cris-Tim Family Holding			2941.9
CHIA	19	9907056	318.19	-26.923076923076927	-29.629629629629626	-58.13924657128024	-108.54872816208393			7.945757100372463	0.2326121302349144	46.795609468986605	-4.263990533615637	2.9275011467945644	1.5575591429404758	5.128105880589713	2.6961310015428785	2025-12-31	0.21422802049043646		1.848279485446835		CONSTRUCTII HIDROTEHNICE SA IASI			9.907056
CHRD	7.95	6306894	3364.060483870968	-11.173184357541889	27.200000000000003	-1.3096169416506136	-92.79883559654888				4.965162974550259	80.1883761358826	-2.4541584732516513	-45.01465070222754	-11.354611730153815		-10.328289489798244	2025-12-31	0.796107678686702				CHROMOSOME DYNAMICS			6.306894
CICE	5.5	1264428	447.875	-1.7857142857142794	-24.13793103448276	-52.64754797613338	-83.41136552472128			31.89536614282471	0.40688575496971113	36.159654738380056	-3.202478512022828	1.2756892432201958	0.8144044173371195	14.078295846697756	9.84921701668824	2024-12-31	3.141443829674111		12.977770133058595		CICERO SA DR. T. SEVERIN			1.264428
CICO	32.8	88756373.6	1512.140425531915	21.48148148148148	19.70802919708028	-8.801587744570337	-60.14416975752552			14.738929384591342	1.2849169916368406	4.970811662810249	2.4810052672093397	8.717844818363425	8.284497171386516	33.30880854355897	34.837047350295855	2025-12-31	5.134607808636756		18.93830080479694	13.22044754741443	CI-CO SA	6.000000000000001	4.939024390243904	88.75637359999999
CLAIM	3.98	24079000	15985.758810810816	-17.08333333333333	-13.478260869565206	-41.987877811215824	-98.70898457234033			7.115758217298512	1.9764612405025574	40.54290119315999	0.8383672727272727	27.77583470581886	16.514705485463278	18.691024747923286	14.916727635045088	2025-12-31	1.0614382724427587		14.064020313278084	4.747322718183829	AIR CLAIM			24.079
CLUB	13	98582926	688.7016666666667	455.5555555555556	692.6829268292684	664.1733098876177	373.9299043165486				7.966018964024852	7.007532465073249	1.6230171236751483	-0.3924226645178932	-0.3649235189014964			2025-12-31				8.009773778949969	HOTEL CLUB ESTIVAL 2002 SA NEPTUN			98.582926
CMBU	2.5	758107.5		0	0	-28.509616941650616	-81.625651239007			6.648141327510458	0.3032051599960325	10.520380734793672	-0.23112157576596987	4.560750818297876	4.080942467847722	28.723999484964473	26.695930048811324	2025-12-31	1.774783158338308		2.0157507548840443		COMMIXT SA			0.7581075
CMCM	0.324	76566603.672	1718.306761904762	-0.9174311926605561	-5.813953488372081	-34.3235704300227	-82.54308243166756				0.8898183101701854	0.17209655626136208		-0.40930087673246546	-0.40859648401886134		-93.62626904396694	2025-12-31	203.54309810749956				COMCM SA CONSTANTA			76.566603672
CMF	4.64	104290602.72	2145.7138125	15.999999999999993	12.077294685990347	-16.432322255660267	-65.625651239007			21.783774100079874	1.3640127760527354	52.767423395826455		6.261599894426623	2.957514966781905	5.101819050042879	3.033734102806294	2025-12-31	0.660861783752408		29.71334618315563		COMELF S.A.	5.633484162895928	5.460526315789474	104.29060272
CMIL	2.6	3221415.6	104	2788.888888888889	0	-28.509616941650616	2707.2632376498823			9.937334694746324	0.43860828932158596	60.38424418472628	4.313045295987267	5.152664084490489	2.7784602932026266	4.786898091898852	4.312078587796096	2024-12-31	0.28355217844459346		4.35859737087873	0.602822326586499	COMCEREAL SA BUCURESTI	122.1111111111111	4.226923076923077	3.2214156000000003
CMP	0.72	157551147.35999998	49643.41710288066	21.62162162162162	16.129032258064502	-12.380584683586115	-60.00402961738538	7.956530942433981		544.9899593898093	0.30913458752700956	29.705442848108376	0.2337227785200434	-0.861268228284197	-0.6289854659288355	1.1164212265041342	-0.7987211244981773	2025-12-31	0.2813855819517162		168.4752463023304	3.080572653461994	COMPA S. A.	0.6224489795918369	0.43201133144475923	157.55114736
CMVX	76.5	891681781.5	11393.338356164386	14.179104477611947	30.102040816326546	1.59242387467593	-67.44654676139506			14.051598667931026	1.9846704225283396	31.97950043320085	-8.63853410410853	14.124161025590725	9.607324889225954	30.947458387882815	25.545091171278944	2025-12-31	3.589493690745198		27.887792265481323		COMVEX SA CONSTANTA	4.829545454545454	4.722222222222222	891.6817815
CNTE	35	8389570	853.4333333333334	-15.865384615384615	-14.215686274509798	-42.72530321616041	-97.49103585439161			257.79952677995266	0.7588161499548215	49.36244885007944		0.2943434999407568	0.14904834033896716	1.2711408261599557	0.12067731631715065	2025-12-31	0.311105550396361		195.6224443713386		CONTED SA DOROHOI			8.38957
COBL	13	13229879	4640.95	-15.58441558441559	-11.564625850340127	-40.07424279199074	-97.2100668234226				0.9707220080613954	11.21503412339404	-0.4121833616165348	-2.2323777040532686	-1.9881228952729388		-50.72650218179782	2024-12-31	18.391639859760726				BRICOMAT SA SIBIU			13.229879
COBU	0.0505	241627.35	40.75973684210527	-88.20093457943925	-81.15671641791045	-109.66633335956107	-169.82658581844623				-0.7533551062403542	139.7362849203193	-0.06703346082304011		-47.16877343869052			2025-12-31					CONCIFOR SA BUZAU			0.24162735000000002
COCB	4.7	3954114.7	1310.2065384615382	184.84848484848487	135	106.49038305834938	103.22283360947787				0.7546340131204032	6.641774836433558	5.5634951105490185	-2.348172002706985	-2.1922117055150148			2025-12-31				0.8447926899564029	COMCEREAL SA SLOBOZIA			3.9541147000000003
COCR	86	25945426	3640.137931034483	-27.73109243697479	-28.333333333333332	-56.84295027498395	-109.35674367598179			4.901532853899692	0.2191504590550254	11.930452188544601	-25.53654898555144	4.471059678416067	3.9376420411613418	40.04058978794276	28.988248687395323	2024-12-31	1.420868533182828		1.0741731750054062		COCOR SA Bucuresti			25.945426
CODE	1.02	21762135.54	10524.071455696207	6.806282722513091	4.081632653061229	-24.427984288589386	-74.81936851649391	45.59116410580009	3742.693369519442	7.631887195223524	1.5218523503318375	15.173661314848562	0.20300690490047374	15.221404445256928	12.446868159262234	11.903710719495358	7.804476192860061	2025-12-31	0.7678440522041788	51.655153888057455	11.614605465518375	5.024459638454493	Softbinator Technologies S.A.	6.096256684491978	5.643564356435644	21.76213554
COEC	70.5	85563946.5	3064.6071428571427	-2.083333333333337	-0.7042253521126751	-29.213842293763292	-83.70898457234034				0.7639390959701367	31.597260163139655	-39.79017494827684	-8.254710653422345	-5.646448252546081		-77.41968573498072	2025-12-31	7.164869516795552				CONECT BUSINESS PARK SA BUCURESTI			85.5639465
COET	4.56	5694117.6	2642.45	-34.85714285714286	-29.846153846153854	-58.355770787804474	-116.48279409614986			106.37245656641134	0.5430952125247721	1.4423477789957382	1.1098173314860937	0.5105599983823842	0.5031959475852752	6.16310001753108	5.828811730361108	2025-12-31	6.200250226216259		57.77037190571726	4.108784275241009	COMPLEX COMET SA BUCURESTI			5.694117599999999
COKG	32.6	18575284.400000002	2169.4500000000003	16.428571428571438	-6.321839080459757	-34.83145602211037	-65.19707981043555			402.8996269304182	17.24990518501459	23.93429792259881	0.4840029905544811	4.281439850524779	3.2567072813233096	7.2899074270207755	6.5986156990490805	2025-12-31	26.585798034040753		6949.9803636274655	67.35495572589944	COMALEX SA Alexandria			18.5752844
COKJ	62.5	63856625	4589.053191489362	-5.303030303030298	-3.8461538461538436	-32.35577078780446	-86.9286815420373			1.9880438650536902	0.44378823032675613	28.19545656287393	95.12097902919236	22.322859074076362	16.028827040253603	12.237880579877055	10.816019035782418	2025-12-31	0.21502720288391167		0.8822704686841416	0.6570579974877985	CONCIVIA SA BRAILA			63.856625
COLK	8.5	1498558.5		0	0	-28.509616941650616	-81.625651239007				0.6085595833123517	53.517518979255996	-11.892212749785877	-8.785494877496886	-4.083715989010927		-840.3185084482424	2025-12-31	58.207749077490774				CONEX PRAHOVA SA BUCURESTI			1.4985585
COMI	0.0104	3965891.8104	3542.9961223175956	-46.666666666666664	-19.999999999999996	-48.50961694165061	-128.29231790567366				-2.3145341714751266	117.13059296179974			-13.802856610128652		-4436.293820892645	2025-12-31	127.4345879116995				CONDMAG S.A.			3.9658918104
COMY	2.2	1697269.2000000002	274.22285714285715	-5.982905982905972	4.761904761904767	-23.74771217974585	-87.60855722191297				0.22072007834905202	15.28077783523884		-1.8527272422259882	-1.5696161084484874		-53.353181290491705	2025-12-31	6.356099314683744				COMAT SA GIURGIU			1.6972692000000003
CONK	33.8	24111331.4		29.999999999999982	29.999999999999982	1.4903830583493658	-51.62565123900701			5.351214576516146	0.590964062839614	49.04592544891137	46.81329439982729	11.043550102308835	5.627138752217268	3.078199627274525	2.753535786771636	2025-12-31	0.1473476083913123		3.162375507264546	0.7220171199941163	CONCAS SA BUZAU			24.111331399999997
CORO	5.05	4929476.7	163.87	-19.84126984126984	-19.84126984126984	-48.350886782920455	-101.46692108027683			21.309836852207294	0.5450044815622438	37.68686870217837	3.754511163426333	2.557525359495146	1.5936741352372952	2.376375477440969	2.0137397142788496	2025-12-31	0.4291246477409282		11.613956585813233	1.345048604247967	CONSTRUCTII FEROVIARE SA GALATI			4.9294767
COTE	78.6	680481700.8	530107.6801619433	-1.5037593984962405	2.0779220779220786	-26.431694863728538	-83.12941063750324	-16.818432454767173	-81.10220712131715	15.36736003289539	0.9563805030431658	15.15130109724149	7.473269852549134	7.498929392742597	6.382743761379493	9.872611919726685	9.854469360195651	2025-12-31	1.3014788873734375	76.01192700350245	14.697043518705934	10.517484521609978	CONPET SA Ploiesti	7.882474944055945	8.64854667774936	680.4817008
COTM	3.46	37652654.2	670.225	-32.15686274509804	-29.387755102040824	-57.89737204369144	-113.78251398410504			171.2987038629343	2.054882293560693	2.597278816966431	0.39729964428377534	1.1995901003459546	1.1684334007792425	11.82270899706765	9.917696568757723	2024-12-31	16.98888567534069		351.99867347784044	8.708792091262632	COMAT GALATI SA			37.6526542
COTN	4.26	2990967.3	1136.4019999999998	-14.800000000000002	-34.46153846153847	-62.97115540318909	-96.425651239007			46.644947132029564	0.29640710231290246	49.74732579787817	3.043002115068259	0.6354538284155742	0.3193325420985888	2.822543801575476	0.2683903497843422	2025-12-31	0.12519053676437564		13.825893616943413	1.3999333023481786	COMREP SA Ploiesti			2.9909673
COUT	30	5075400	7641.200000000001	-6.25	-11.242603550295849	-39.75222049194647	-87.875651239007			12.634424662444736	0.4254079004970971	3.521112694383375	47.74164794893014	3.3670539962266988	3.248496230538818		11.27699682080722	2024-12-31	1.4247836675111762		5.37478406963936	0.6283821629301819	COMTURIST SA Bucuresti			5.0754
COVB	0.3	20969617.5	619.0974499999999	9.489051094890488	1.3513513513513598	-27.15826559029926	-72.13660014411651			9.28329918622452	0.42592697272681146	7.512474327203133	0.11005256533649219	4.588099168007471	4.243419395904289	11.919341363283145	12.58649666349913	2025-12-31	1.168442142336791		3.954007519305882	2.7259700769603357	CONFECTII SA Vaslui	1.2434782608695654	0.9533333333333335	20.9696175
CPHA	18	5020902	856.8	-6.25	28.57142857142858	0.06181162977796362	-87.875651239007			6.501039073030325	0.955767707174927	23.047211287478163	6.49316875732687	14.701768385610018	11.313420762782812	12.68519870525157	11.066935123440011	2024-12-31	0.7194657765617519		6.2134832090848064	2.7721441830214038	CEPROHART SA BRAILA			5.020902
CPLB	14.6	5060812.6	1521.067307692308	143.33333333333331	131.74603174603178	103.23641480438116	61.707682094326316			88.54695384400041	0.7833850888171159	27.55175919701836	3.5088783172884135	0.8847115059398454	0.6409579222349844	2.0253806295921137	1.94206295513384	2025-12-31	1.7196375885037918		69.36636330156732	4.160873840527639	CONSTRUCTII COMPLEXE SA BUZAU			5.060812599999999
CRC	6	1829447106	12181.549713114742	-37.88819875776398	-26.108374384236445	-54.61799132588706	-119.51384999677097	-22.10330373734425			0.9982764938742987	37.221235425464236	-1.8798997799502382	-9.09829906098036	-5.851063306611029		-15.962926458001442	2025-12-31	1.8306880983401672				CHIMCOMPLEX BORZESTI SA ONESTI			1829.447106
CRMC	0.134	9606861.062	368.573076923077	-26.37362637362637	-25.555555555555554	-54.06517249720617	-107.99927761263336			1406.1564786299766	0.79770705617676	8.04388661547717	-0.03279776588487525	0.05672960785658569	0.05216634252319711	3.114160640303389	0.8347108750658228	2024-12-31	11.737341047567035		1121.7009450917976		CARMECO SA CONSTANTA			9.606861062
CRPC	0.84	2438320.92	1043.509142857143	-40.845070422535215	-39.13043478260869	-67.64005172425931	-122.47072166154221			9.104983370095747	0.25459702715126664	4.422339405560879	2.191004363773412	2.7962382445141065	2.6725790987535953			2025-12-31			2.318101698288098	0.3833858178873398	CARPATHIA CAPITAL S.A. POZNAN			2.43832092
DENT	1.17	13820358.239999998	1575.3113768115945	23.15789473684211	-0.8474576271186418	-29.357074568769256	-58.46775650216489			45.43838766948539	2.382147224258524	20.51455029082771	0.42007320860880953	3.368429241550995	2.7380773787219614	1.6848575826933734	1.723597339610292	2025-12-31	1.212995660010518	181.75355067794155	108.24092906164735	2.7852288030336037	Dr Fischer Dental S.A.			13.82035824
DIAS	44	10007536	3080.8	10.000000000000009	10.000000000000009	-18.509616941650606	-71.62565123900698			140.1851291533591	0.8194309783671819	1.652386297932514	8.583317212148925	0.5845348813501783	0.5748761070641119	12.205320031089403	9.278471108430791	2024-12-31	13.007036706810815		114.8720375346668	5.126223220286196	DIASFIN SA BUCURESTI			10.007536
DIGI	63.4	18463045328.399998	3588634.853036437	126.47358305320324	67.49180597854867	38.98218903689805	44.847931814196244	12.650977562647103			3.0732000957935237	74.2645839334503	-49.03606977335725	-6.679383666429384	-1.744388475408927	7.181027081676322	-3.4627046667608052	2025-12-31	1.589965893916349	573.4037041802842			Digi Communications N.V.	1.8518518518518516	2.146263910969793	18463.045328399996
DN	3.6	572739206.4	445075.1385020244	66.66666666666666	28.57142857142858	0.06181162977796362	-14.958984572340341	-8.333428250571961	-32.01388694853353	11.969038911843707	2.5180418245682303	50.59753945545378	-0.4711079957245965	24.038823029673743	11.870222247865607	33.41879803629989	24.54619321537631	2025-12-31	2.7399613239815337	54.5168231695709	30.138540579907076		DN Agrar Group			572.7392064
DOIS	4.52	6435200.84	562.1717647058824	-7.755102040816341	-5.833333333333335	-34.34295027498395	-89.38075327982334			3.44994008496184	0.4596549045826199	21.360861462740203	-1.5250256897964976	13.323561953618803	10.47753434280393	9.207002532889717	8.516203636699663	2025-12-31	0.29380392297947966		1.5857818805688904		DORNA TURISM SA VATRA DORNEI			6.43520084
DUPX	18	2195604	677.6233333333334	-61.702127659574465	73.07692307692307	44.567306135272446	-143.32777889858147			3.5816597690424183	-0.13355054823689694	124.93017759633815	-185.83245339323486	-3.7287335159867125	0.929579887629671		-4.634683192099462	2024-12-31					DUPLEX SA FAGARAS			2.195604
EAI	16.28	3069501317.96	1563175.8445360824	100	100	71.49038305834938	18.374348760993			30.772990707132244	14.603176825722208	69.7769189388126	0.0019000520657460106	47.4545258363128	14.342219810710935	13.790297628760298	11.98559009776167	2025-12-31	3.6883245269791614		449.3834247525585	8568.186258416052	Electro-Alfa International S.A.			3069.50131796
EBS	606	248771716704	467510.5295546556	59.138655462184865	17.66990291262136	-10.839714029029256	-22.486995776822134		25.869002047078183	10.780431387128743	1.211505071628047			12.395788259050915	1.1658445793789036		39.1241008831831	2025-12-31		47.55245461589616	13.060547299844655		Erste Group Bank AG			248771.716704
ECT	0.065	9425000	1112.111263736263	26.21359223300972	20.370370370370374	-8.139246571280243	-55.41205900599728				0.6791492742001963	10.51378214124716		-4.5871363290745935	-4.104854808913688		-75.30463749291712	2025-12-31	11.149241319265771				GRUPUL INDUSTRIAL ELECTROCONTACT S.A.			9.425
EEAI	1.13	3817427.0199999996	8407.206604938268	34.52380952380951	12.99999999999999	-15.509616941650627	-47.10184171519749				0.5687592021932548	37.278464103131746	-0.2462973476831523	-8.429716333094998	-5.287247555866346	4.158193587583865	-9.537892890840107	2025-12-31	0.6435286950168602				ELECTROCONSTRUCTIA ELCO ALBA IULIA SA			3.8174270199999993
EFO	0.73	143659995.22	23246.414715517247	63.67713004484303	32.72727272727272	4.217655785622103	-17.948521194163966	-17.549211439786404	69.36938980597832	9.567935388528054	0.7601576785928775	16.28232648052087	-0.07286898251645368	7.681924049049332	6.866389470155062	144.5678389530293	96.98478653379232	2025-12-31	10.158890915811389	107.06101038490344	7.273139553870128		TURISM, HOTELURI, RESTAURANTE MAREA NEAGRA S.A.			143.65999521999998
EL	46.8	15891080587.199999	2748538.5788259124	178.57142857142856	77.60910815939278	49.099491217742155	96.94577733242156	22.812895563810788	58.24968824743954	13.705883113068001	2.1928449928499347	60.378799000009565	-7.554084251305873	14.131210085875981	5.503873157150191	14.445905659024987	9.582352528181287	2025-12-31	1.3836390442830162	75.31091762111404	30.05487715707764		SOCIETATEA ENERGETICA ELECTRICA S.A.	1.1625	0.370440251572327	15891.080587199998
ELCT	10.5	7041457.5		0	0	-28.509616941650616	-81.625651239007				0.3662406567499447	11.299280149968489	19.998443220029376	-0.41596638939561636	-0.36896518172809684	2.8258806009659883	-0.4882628867213008	2025-12-31	0.42989463778372666			0.5250408686554041	EL-CO SA TARGU SECUIESC			7.0414575
ELEL	2	4587600	175.0222222222222	17.647058823529417	0	-28.509616941650616	-63.97859241547758				1.0994525744244266	3.9003457874229555	1.1219430639114134	-5.1409880885448045	-4.940471776201331		-5.519554285840733	2025-12-31	1.1804128048389824			1.782621653747232	ELECTROCONSTRUCTIA ELCO SA SUCEAVA			4.5876
ELER	54	14123322	4134.99	196.7032967032967	157.14285714285717	128.63324020120655	115.0776454642897			1.9014668682034679	0.6382226696964569	19.997471489818516	80.06125187827622	33.56475363146656	26.852651593386206	28.30707478810077	24.335918691298012	2025-12-31	0.4627394309879666		1.2135592609641783	0.6744835826711865	ELEROM SA ROMAN			14.123322
ELGS	0.22	26381219.92	4496.275449999995	47.65100671140941	-10.569105691056912	-39.078722632707525	-33.97464452759759	-92.00111597393716			1.0486842431745758	70.50244789336382	-0.3566470568279922	-28.715703762466593	-8.903116658694127		-23.067781823006545	2025-12-31	1.121211079773242				AETA SA			26.381219920000003
ELGSR01	0	0		100	100	71.49038305834938	18.374348760993																ELECTROARGES SA CURTEA DE ARGES			0
ELJ	0.148	4836179.572	331.50819047619046	0	-3.26797385620915	-31.777590797859766	-81.625651239007	-2.9595802728770493		33.77456227390181	0.7485152633558426	48.21549467598287	0.11239215581385364	1.0878434468045493	0.5747110552559573	1.2604559353090807	0.6415066673175586	2025-12-31	0.4424921605579366		25.280775375177917	1.316817876908784	ELECTROAPARATAJ S.A.			4.836179572
ELJA	73	23987435	3291.9032608695647	46	1.388888888888884	-27.120728052761734	-35.625651239007			9.011270740066351	0.5362088062545756	32.833322365414745	26.414263759339004	5.950423882732298	3.9967020272061733	6.2633541910540105	3.8888806833804543	2025-12-31	0.35043756713755525		4.831922726367764	2.763658327375874	ELECTROMONTAJ CARPATI SA Sibiu			23.987435
ELMA	0.238	160897211.552	25067.61963478262	5.309734513274322	-4.032258064516137	-32.541875006166755	-76.31591672573268	-29.57411712456467			0.5031694645083313	8.32701669972204	0.13780592212957085	-3.9183221299359303	-3.6148682374713075		-43.565512761028494	2025-12-31	6.0904957189962365			1.727066560871183	ELECTROMAGNETICA SA BUCURESTI			160.897211552
ELRD	4	2722320	545.4008214285714	788.8888888888889	0	-28.509616941650616	707.263237649882			6.945065934654663	2.3319753158332963	11.086095196893694	1.6956052190778454	33.57743954880468	29.85501263574476	29.16798778914148	24.086151932771457	2025-12-31	1.6727991328520762		16.195722326449374	2.3590396838807792	ELECTRECORD SA BUCURESTI			2.72232
ELV	0.545	14485972.47	697.2322272727272	-21.01449275362318	4.807692307692313	-23.701924633958303	-102.64014399263019				0.15660755932698278	0.07934256492954063	0.6090281983671338	-5.828603645764329	-5.785996806622558		-54.596056418019266	2024-12-31	2.2201700626525644			0.8948682531633184	ELVILA S.A.			14.48597247
ELZY	12.9	64441395.300000004	6898.304545454547	0	-10.416666666666663	-38.92628360831728	-81.625651239007	6.8989812094277125	-93.44650811480655		0.32132253942346234	16.225775848269038	-4.4246043955538	5.899772155960207	4.967608228297097	18.209374679650995	53.778755873312356	2025-12-31	2.8877948095028803	13.475285869643862			ELECTROPRECIZIA SA Sacele			64.44139530000001
EM	42.1	759756639.6	91062.90780141839	100	23.09941520467835	-5.410201736972265	18.374348760993	-7.440556197664594	219.3439843942326	6.920602600090715	0.7595707969322562	45.28758889430997	7.725341501576263	10.380799758372152	5.403083593902055	10.32115020230072	8.17903321316292	2025-12-31	0.6352996131749441	75.2772305236173	5.256687632202348	5.449597275590989	Grup EM			759.7566396
EMAI	6.85	17276508.3	3362.702803738318	12.295081967213118	-20.348837209302328	-48.858454150952944	-69.33056927179388			47.11655057871254	0.524574505499991	42.8344876975863	9.187840933691445	1.1133550717462666	0.6364551305086589	1.9549987988537514	0.47047108041048963	2025-12-31	0.2216697445598237		24.716141220693444	0.7455505650823061	EMAILUL SA MEDIAS	12.919767441860467	16.220437956204382	17.2765083
EMTL	65	40072565	315.8	182.60869565217394	182.60869565217394	154.09907871052332	100.98304441316694				1.549543391514119	1.4809579044765275	6.796339340893202	-7.393025900195376	-7.2835382987464365		-75.81205735206473	2025-12-31	15.889849981977852			9.56397212377236	ELECTROMETAL SA TIMISOARA			40.072565
ENP	0.91	1842436.05	1802.7120138888886	-3.703703703703698	9.63855421686748	-18.871062724783137	-85.3293549427107				0.41259751523696575	37.47646330740237		-31.795677753850892	-19.879782247089068		-714.4333631889863	2025-12-31	9.27086482433806				COMPANIA ENERGOPETROL S.A.			1.84243605
EPN	0.428	3046482.6	15276.839802325576	-67.07692307692308	-78.60000000000001	-107.10961694165063	-148.70257431593006				0.7191442170347861	20.248077957783785	0.39881257946459303	-26.61016401019673	-21.222117256717972		-185.7962477358021	2025-12-31	5.021175256746445			1.0731858071643356	EMA PIATRA NEAMT S.A.			3.0464826
EVER	3.38	2920670620.92	682285.3024493926	120.91503267973853	22.021660649819495	-6.4879562918311215	39.28938144073153			10.2113473005752	0.7344842274814772			6.545835665830839	5.566706133129144		58.661474254919256	2025-12-31		190.60991943293777	7.5000735336080435		EVERGENT INVESTMENTS S.A.	7.28476821192053	3.273809523809524	2920.67062092
FACY	13.9	78535542.10000001	2192.4628205128197	39.000000000000014	19.82758620689655	-8.682030734754065	-42.625651239006984			39.44921772693504	2.7420740292379504	4.538809384171261	0.42104966001119637	6.95089582819718	6.6354079160629995	28.218072174253688	24.62536572199797	2025-12-31	9.714514139725008		108.17267540278195	33.0127329864852	FABRICA DE SCULE RASNOV SA	1.7307692307692306	1.2949640287769784	78.53554210000001
FAMZ	11.4	5283067.8	2392.8593749999995	8.571428571428585	-3.3898305084745783	-31.899447450125194	-73.05422266757841			6079.479631760644	0.7100673298625648	6.907391044423542	13.850524462320926	0.011679738610406795	0.010872973391619477	0.07248194000827109	0.013654195939125856	2025-12-31	0.8301040609998454		4316.83986907813	0.823073525555848	FAM SA GALATI			5.2830677999999995
FEP	0.222	80759645.292	3561.849220125786	28.32369942196533	2.77777777777779	-25.731839163872827	-53.30195181704167			17.621979237132525	0.5536504694902562	5.659735584405821	0.05340838762236697	3.1418177381778998	2.9639991616530708	7.842753794753339	7.283640664426576	2025-12-31	1.2835216455925929		9.756417077985969	4.156650479128643	Feper SA	3.304347826086956	3.7254901960784315	80.759645292
FERO	0.98	33141653.72	2920.0379184782605	97.58064516129032	38.0281690140845	9.51855207243388	15.954993922283322			15.168457462243227	2.574515950288065	24.349305587265306	0.19240653812491768	16.97282638459749	12.840061021415853	56.25983340646129	75.48552930242842	2025-12-31	11.449990402388002		39.05143567781121	5.09338201056217	FERONERIA SA ARAD	10.971428571428572	7.11111111111111	33.14165372
FIMA	43.8	35659989	314.6222222222222	82.5	53.146853146853125	24.63723620520251	0.8743487609930014			244.38710628032567	3.6747255779837085	32.22701956591761	5.20875263309812	1.5036495312353315	1.0190681026012929	0.40408438770309985	1.4094367623484612	2025-12-31	3.4444817183545147		898.0555503777357	8.408923034985468	FIMARO SA Cluj			35.659989
FMAR	0.01	418680.65		0	0	-28.509616941650616	-81.625651239007				0.33232579275310553	90.60341394749175	-0.16297925399705002	-63.14878755407389	-5.933830163634179		-8.260791735179522	2025-12-31	0.043473109595510075				FAIMAR SA BAIA MARE			0.41868065000000004
FOJE	29	328472154	132298.74999999997	90.78947368421053	39.42307692307692	10.913459981426303	9.163822445203536				1.9159217595343285	50.31733159528591	-7.702652051899657	-5.5468589702023365	-2.7558275490427655		-3.778469402991779	2025-12-31	1.305108311896122				FORAJ SONDE SA VIDELE	5.1439393939393945	2.3333333333333335	328.472154
FOMA	9.4	8715351		0	0	-28.509616941650616	-81.625651239007			0.8777903216108309	1.106538266843621	31.91907631867265	-1.2763305344787605	-28.990840014425956	-10.616206619398003		-371303.1746031746	2021-12-31	2618.795372596154		0.9713085811273535		FORMA SA BOTOSANI			8.715351
FOSB	0.745	487730347.215	7520.210874999999	73.25581395348837	101.35135135135135	72.84173440970073	-8.369837285518628			44.45685230205079	4.6448419964404835	16.29102251951621	0.05583516317059402	10.44797765906206	8.745895265790237	7.058199198423774	6.610391250864253	2025-12-31	2.938771874984409		206.4950546021173	13.342846294257084	FORAJ SONDE SA CRAIOVA	1.3942307692307692	0.7785234899328858	487.730347215
FP	0.624	1997289537.984	2503339.318313765	64.42687747035573	16.417910447761198	-12.091706493889419	-17.198773768651265			4.524342819077483	0.8558854508691517			19.19040042492383	17.28483756776472		92.50313905822273	2025-12-31			3.87231919359274		Fondul Proprietatea	10.76315789473684	6.65040650406504	1997.289537984
FRB	0.0225	1012391.145	2315.885909574468	-69.38775510204081	-40	-68.50961694165062	-151.0134063410478				1.0754387412030275	47.75073541655104	-0.015004702061079367	-212.6099401639709	-136.12567104789008		-1166.639382882062	2024-12-31	3.874469552005756				Firebyte Games			1.012391145
GALF	11.3	19309971.1	38632.775	98.24561403508774	17.70833333333335	-10.801283608317267	16.619962796080742			36.531992689806785	1.5477242488276233	39.10830333331804	0.8971183493899688	4.236626953173216	2.5797540332251248	4.272073883334506	3.074422108837068	2025-12-31	1.1231476600541614		56.54145094400743	12.595885490118315	GALFINBAND SA GALATI			19.309971100000002
GDP	1.6	3065582.4000000004		0	0	-28.509616941650616	-81.625651239007				0.5135511370441928	62.13095180622689	-1.5599426719046925	-13.69203942586342	-5.185045008890634		-108.08812833093087	2023-12-31	4.054091540262111				GRUPUL EDITORILOR SI DIFUZORILOR DE PRESA  S.A.			3.0655824000000003
GGC	0.57	23509649.999999996	1351.8634246575343	-6.557377049180335	-12.307692307692319	-40.817309249342934	-88.18302828818733			4.450068578640942	1.4968684676174648	61.81109429835316	-0.10303559219299309	13.307362631332426	3.8107141484580302	10.951167664938449	5.147759130783045	2024-12-31	0.8795151109754344		6.661167334102897		GLISSANDO GARDEN CENTER S.A.			23.509649999999997
GHIM	9.15	435512.55		117.85714285714283	117.85714285714283	89.34752591549221	36.231491618135834				0.31552935678785154	50.83420069688298	7.0213668928713995	-20.644733600915767	-10.150148288889412		-26.706736784687003	2025-12-31	0.4081796182248119			1.303165058827754	A.T.C. - AGRO TOTAL CONSTRUCT SA GHIMBAV			0.43551255
GIBEFETF	21.6	20520000	78563.16404858301	82.83392585068563	48.73984299683241	20.23022605518179	1.2082746116786325																FONDUL DESCHIS DE INVESTITII GLOBINVEST ENERGY&FINANCIALS ETF			20.52
GREEN	13.5	1078935228	10376.271374999998	7.14285714285714	-5.594405594405593	-34.104022536056206	-74.48279409614986	56.594372801875735	138.02083333333334	813.6766425339366	1.576104914411927	16.791701511114567	-1.4838629404730124	0.07772373384231888	0.06471529535646427	13.791500046498651	4.93815679345299	2025-12-31	85.06269536423841	1108.3053189522343	1282.4397550399342		GREEN TECH INTERNATIONAL			1078.935228
GRF	1.56	42457814.88	66376.0825	100	100	71.49038305834938	18.374348760993																GRAFFITI PLUS SA			42.45781488
GRIU	1.26	50021464.5	505.05000000000007	39.99999999999999	9.565217391304358	-18.944399550346258	-41.625651239007006				31.445781189787525	16.502538169651878	-0.003326106135896921	-35.10068487032987	-26.13395515664284		-216.31051412033133	2022-12-31					GRAUL SA BUCURESTI			50.0214645
GROB	0.2	3884648.4000000004		0	0	-28.509616941650616	-81.625651239007																GEROM SA BUZAU			3.8846484000000006
GSH	0.38	68434069.28	16328.063781512608	-76.68711656441718	-78.16091954022988	-106.6705364818805	-158.31276780342418			7.329248912860595	0.17396947090294906	62.08077532396118	-0.48577235885219305	3.8015360530805444	1.7229644790988663	7.041253295313835	2.391751855186219	2024-12-31	0.12619784080422755	23.65963314018614	1.2750655554863723		GRUP SERBAN HOLDING S.A.			68.43406928
H2O	200	89960513400	7396284.225910933	61.943319838056674	61.03059581320451	32.52097887155389	-19.682331400950325	67.4878785380805	121.86604754728253	22.007299209004056	3.8302104721852777	17.184200753692338	5.150570872575745	15.192621612650715	12.619618255212675	38.66342794112907	35.0316092820363	2025-12-31	8.268580776431481	83.74478039462346	84.29258789484211	38.83064711620639	S.P.E.E.H. HIDROELECTRICA S.A.	7.319948697068404	4.503455410821643	89960.5134
HAI	0.35	42445754.4	37376.7244471545	-49.56772334293949	-28.57142857142857	-57.08104551307919	-131.1933745819465	14.261103114093654			0.48596226460458375	69.71663782947215	-0.8004085539353731	-19.249207630726577	-6.630332939649505	0.18644362684308977	-18.982835880776143	2025-12-31	0.441571701829329				Holde Agri Invest- Clasa A			42.4457544
HEAL	21	30392586	3270.212328767124	26.506024096385538	0	-28.509616941650616	-55.11962714262146			5.508551756587316	0.5950783745909722	17.090924610007175	12.758308424297953	10.802809901520071	8.956509805488883	19.982971162150182	17.450592569714573	2025-12-31	0.9612749235339076		3.278020025660225	1.64598623121588	HELIOS SA ASTILEU			30.392586
HLEB	20	16948880	802.275	2.0408163265306145	-15.966386554621847	-44.47600349627246	-79.58483491247638			9.758429796556399	0.5842468236761695	46.34843089221954	-11.564470336683014	-10.249651571046323	-5.725126015995088		-10.249047020064957	2024-12-31	0.45467241517881046		5.701331612704966		HERCULES SA BRAILA			16.94888
HUNT	0.748	56249600	37817.571353658546	138.21656050955414	93.78238341968913	65.2727664780385	56.590909270547144	88.34099173017368	3063.683058451269	10.11872906420069	2.121478815139056	50.695250662967005	0.23740094414893617	16.54525839187885	8.918711409613145	10.547266317500942	7.149339549998862	2025-12-31	0.849291457143716	108.62777839646878	21.46666934583361	3.150787806179632	IHUNT TECHNOLOGY IMPORT-EXPORT S.A.			56.2496
IAMU	7	66501043	755.0531249999999	-7.894736842105255	-28.57142857142858	-57.0810455130792	-89.52038808111226			2410.5935041867547	1.010922780924384	33.63005791660832	3.3994043672367664	0.0419366757260649	0.02783334739108905	1.1255680951153166	0.025958528815458425	2025-12-31	0.6257546094078876		2436.9238889307294	2.059184269887259	IAMU SA BLAJ			66.501043
IANY	19.3	9423302.200000001	601.85	2.659574468085113	67.82608695652175	39.31647001487113	-78.96607677092189	-33.41021838513113	124.77337923121054	55.48406245952025	0.26777011619935376	46.68475385595445	-10.842596271612726	0.3598113233285877	0.19430949789445753	3.4045958380665304	0.3089516151868761	2025-12-31	0.25294141868125736	159.1442469755738	14.85697385199794		24 IANUARIE SA PLOIESTI			9.423302200000002
IARV	35	660759855	102390.02186234824	149.1103202846975	128.01302931596092	99.5034123743103	67.48466904569051	-7.497517409029452	97.69818683417807	10.517331085467404	1.9443345254238582	54.978812045787116	9.927554920841855	15.421302945480486	6.86162239327057	10.672353040485506	10.815797322063252	2025-12-31	1.5382009744424765	37.79194045913058	20.449209944787857	3.5255408082932074	IAR SA Brasov	2.101449275362319	0.807799442896936	660.759855
IASX	23.6	49682224.400000006	2687.95	8.25688073394495	8.25688073394495	-20.252736207705667	-73.36877050506205			526.3170515699818	0.32215357492529023	1.3545240344001916	38.4752189718784	0.06120903245758798	0.06037994140172614	471.89787292532907	64.87474657228273	2025-12-31	341.44685337273637		169.55491970740798	0.6133818242138994	IASITEX SA IASI			49.6822244
ICBETNETF	162	80948970	371253.7815384615	84.72063854047892	50	21.490383058349384	3.0949873014719174																INTERCAPITAL BET-TRN UCITS ETF			80.94897
ICCROETF	211.5	1713361.5	15525.169316770185	100	21.272935779816503	-7.236681161834113	18.374348760993																INTERCAPITAL CROBEX10tr UCITS ETF			1.7133615
ICEV	2.04	4436110.5600000005	394.14500000000004	101.98019801980197	-7.272727272727275	-35.78234421437789	20.354546780794976			51.49167239297986	0.8264847402227207	1.184527738119237	0.822626512717032	1.6050842822021059	1.58607161365923	26.521578659979372	21.778874350314478	2025-12-31	11.214306631342652		42.55708148134539	2.479861721526743	INSTITUTUL DE CERCETARI PENTRU ACOPERIRI AVANSATE			4.43611056
ICGROETF	58.45	191423.75	3736.5867326732673	100	4.692817481640699	-23.816799460009918	18.374348760993																INTERCAP EUR RO GBOND 5-10 yr UCITS ETF			0.19142375
ICMA	2.88	3174192		0	0	-28.509616941650616	-81.625651239007				0.9451725862931466		0.4689915165812276	-6.519360870911646	-6.547881802510519		-292.0849008778249	2024-12-31	42.3462739133915			6.140836024058858	ICMA SA BUCURESTI			3.174192
ICSLOETF	344	5340600	27901.901626016264	44.53781512605042	32.05374280230326	3.5441258606526453	-37.08783611295658																INTERCAPITAL SBITOP TR UCITS ETF			5.3406
IMMO	27.8	49669398.2	112.9	-26.84210526315789	-29.7979797979798	-58.30759673963041	-108.46775650216489	-28.366724745338534	-68.04883890042804	46.30790721524534	1.0576558055860703	36.433312441674936	-14.057652536647806	3.9789144282866182	2.500293155192077	55.45458636742675	23.11258310344015	2025-12-31	7.0013136185304905	65.563714459766	48.977826910745314		IMMO GURU S.A.			49.6693982
IMP	4.15	490725344.65000004	127377.91059574463	-3.0373831775700855	-5.681818181818176	-34.19143512346879	-84.66303441657709	-36.25624036625486		7.157708610831547	0.47463383378324664	24.065380406442564	0.7369484864449624	7.381931735823873	5.7343607835855535	35.635818857848776	23.319650715694536	2025-12-31	1.638164711508289		3.3972906790623334	5.631329836932823	IMPACT DEVELOPER & CONTRACTOR S.A.			490.72534465
INCT	4	4752312	935.0503448275862	-19.67871485943776	4.712041884816753	-23.797575056833864	-101.30436609844476			367.002239555178	0.6218957309503937	31.89815095375424	2.564195280107872	0.16945284358595666	0.11540051974347915	0.7030425354488272	0.20354830165515625	2025-12-31	0.7470268256509529		228.23712602859894	1.5599435936219828	INCERTRANS SA BUCURESTI	2.450980392156863	2.5	4.752312
INFINITY	4.12	1606800000	388094.09736842115	61.568627450980415	11.351351351351347	-17.15826559029927	-20.057023788026584			10.900727344722844	0.33339300891135737			2.8800866121611692	2.6126837110550354		37.94424248651648	2025-12-31		273.9948718327656	3.63422628877946		INFINITY CAPITAL INVESTMENTS SA			1606.8
INMA	3.5	1477311.5		0	0	-28.509616941650616	-81.625651239007			46.62200586991511	0.8119987226221204	33.35059996666343	2.7835598653364575	1.741664065007761	1.1608086499238937	2.2809272027297816	0.8404449024140214	2025-12-31	0.3918322717368673		37.85700921245206	1.2573826931424534	INDUSTRIE MICA SA PLOIESTI			1.4773115
INOX	0.82	5254710.06	806.7981481481485	-3.529411764705881	2.499999999999991	-26.009616941650627	-85.15506300371288				0.37916048299124266	50.9334826746056	-1.247576106986957	-2.669884453216086	-1.3100193178052824		-37.386329650077194	2025-12-31	5.309375389005197				INOX SA MAGURELE			5.25471006
INTA	30.2	86725158.8	4140.972727272728	38.53211009174311	-2.580645161290329	-31.090262102940947	-43.09354114726389			20.48638541924788	1.993755374192542	5.089152503009221	0.6449451090540984	9.732099310790662	9.236817935120216	36.747402776052354	32.52359825812768	2025-12-31	6.662909691367827		40.844841027405195	46.82569039757894	INDEPENDENTA SA SIBIU	1.778523489932886	1.7549668874172186	86.7251588
IORB	0.184	173542340.496	1698.4214533333331	-18.584070796460182	-18.584070796460182	-47.0936877381108	-100.20972203546718			123.50880149967867	0.9594688403482686	36.0664874876563	0.0712765725565693	0.7768424830442265	0.49666268609828207	5.094845243689071	3.302644297141688	2025-12-31	4.079056389197185		118.5028465477012	2.5814933771396866	IOR SA BUCURESTI			173.54234049599998
IPHI	80	26124720	3360.3205128205127	33.33333333333333	1.2658227848101333	-27.243794156840483	-48.29231790567367			128.53554015025904	0.1799014370577519	9.069441107823478	-6.433560244856213	0.13996240794370626	0.12726859978216018	3.495724389591733	2.3165663633137057	2024-12-31	2.977611088024484		23.12372838602597		IPROCHIM SA Bucuresti			26.12472
IPRO	0.515	5745488.32	3138.3992	-39.41176470588235	-19.53125	-48.04086694165062	-121.03741594488935				0.6095223077343346	60.04371353717018	0.7287917809221132	-75.99441557401354	-30.36454638250621		-69.21590542247529	2025-12-31	0.5551544555789054			0.7066490230562008	IPROLAM SA BUCURESTI			5.745488320000001
IPRU	1.735	217292678.69500002	30739.681182572614	33.46153846153845	28.996282527881046	0.4866655862304299	-48.164112777468546	-0.5706486116620169	4.730519187358917	11.05968587270682	1.1188258622896863	30.703584061006644	0.19082633632218246	10.183943530035046	7.472613154541687	10.893126251361258	10.134964270121671	2025-12-31	1.1282872120920202	55.13472526224766	12.37386258318427	9.09203642138109	IPROEB SA Bistrita			217.29267869500003
ITG	6.75	41288001.75	92608.09159090904	100	100	71.49038305834938	18.374348760993	-1.1942675159235638		35.13836603370859	3.4032312685459942	65.78873160002256	1.1179090303153265	9.334258759980694	3.712872854299993	2.1103409025297384	1.5228165204388628	2025-12-31	0.44249443074676836		119.58398601153156	6.038058390221645	IT GENETICS S.A.			41.28800175
IUBR	0.31	14250713.95	1462.3179705882353	93.75	106.66666666666669	78.15704972501607	12.124348760993001			5.010459539841354	0.5389944029464762	6.104349938366373	0.5369498985698187	10.757384600366263	10.100716200143973	16.07647047080068	16.899148873062494	2025-12-31	0.8467250168623524		2.7006096481642663	0.577335056446968	IUS SA BRASOV			14.25071395
JTG	4.1	117392315.19999999	18747.526090534975	-15.811088295687892	-9.292035398230091	-37.801652339880704	-97.4367395346949	12.201422564570997	54.01249771686971	61.11716114589163	1.398406327099789	49.74783681202483	0.1670126981191014	1.9442711311761194	1.0211988762162443	2.7108734999943542	0.6731190518143815	2025-12-31	0.474270487879002	145.51413426437622	85.46662484079225	24.549031577683845	JT GRUP OIL	4.21455938697318	5.405405405405405	117.39231519999998
LCSI	18	18540000	6252.997872340426	2.2727272727272707	-5.263157894736848	-33.77277483638746	-79.35292396627973			10.129525709818045	0.5631182341146745	16.458713474681232	-5.696733980582525	5.55917671020739	4.644207743923145		1674.2679680567878	2025-12-31	169.59540427556053		5.704120630131933		LCS IMOBILIAR SA CLUJ NAPOCA			18.54
LIH	0.525	21130833.150000002	9366.20776623377	-44.02985074626865	-23.469387755102044	-51.97900469675266	-125.65550198527565	-22.38224764300234			0.7645514362181922	58.758396936535284	-0.06272943620303963	-72.18207184735907	-29.770255201413654		-76.76201735164709	2025-12-31	0.8294078265536007				LIFE IS HARD S.A.			21.13083315
LION	4.64	2354846659.8399997	215540.78157894738	67.5090252707581	15.999999999999993	-12.509616941650624	-14.116625968248897			3.433501048798745	0.3910430433464389			8.68369687801046	8.151684009246116		83.86670154782269	2025-12-31		47.55883858775694	1.3426466994554511		LION CAPITAL S.A.			2354.8466598399996
LITO	4.5	2653938		0	0	-28.509616941650616	-81.625651239007				2.138532436106426	0.26200122320816477	1.015085695295067	-14.513996272388033	-14.475969424617988			2018-12-31				4.433123253393824	LITORAL SA MAMAIA			2.653938
LONG	2.44	1817174981.8	60225.30813765187	46.54654654654653	29.100529100529094	0.5909121588784778	-35.07910469246047			3.70665448653949	0.5331005493621642			8.056785718182137	7.567714791351844		76.11926474774296	2025-12-31		25.84387569436639	1.9760195430699328		LONGSHIELD INVESTMENT GROUP S.A.			1817.1749817999998
M	12.2	6484080009.599999	1796209.7492307683	72.31638418079093	18.67704280155642	-9.832574140094195	-9.309267058216065	9.709850383327389	-16.991232300799687		11.415541932644865	82.97244616312209	-3.761585759011113	-0.689064201831367	-0.11808462310859483	5.010045437755903	-0.12133701773444985	2025-12-31	1.9956997754503807	599.8078871235427			MedLife S.A.			6484.080009599999
MACO	23.9	86362626.1	42909.19126637551	35.02824858757061	18.9054726368159	-9.604144304834715	-46.59740265143639			6.334959846187509	0.6844845628934131	7.107144868396109	19.68133103122486	10.804876108336313	10.036957910466132	38.688496597389424	15.030118829166932	2025-12-31	0.9521519926619934		4.3361822212649805	1.2143487634084364	MACOFIL SA TG. JIU	2.6737967914438503	2.0325203252032518	86.3626261
MALI	15.2	19154766.4	1051.583333333333	-9.523809523809534	8.571428571428562	-19.938188370222054	-91.14946076281653			17.647754087455798	0.8381880966036799	6.2853397038418874	9.787246604061952	4.749545423456872	4.451020359204332	49.439609361645196	134.448416561996	2025-12-31	23.72712592933925		14.792137407894387	1.5530414849965688	COMALIM SA ARAD			19.1547664
MAM	1.25	10581250	3064.156951219513	-18.300653594771244	-19.87179487179488	-48.381411813445496	-99.92630483377825	-5.921735274620666		20.115106409269345	0.5783478902552186	36.245851945782846	0.6580276432368577	6.054269173988431	4.0677082268622975	2.795568228470065	1.874982042951244	2025-12-31	0.17745225006266696		11.633529354060151	1.899616243857496	MAMBRICOLAJ S.A.			10.58125
MAMA	0.224	34475547.008	3105.0038181818186	2.752293577981657	3.703703703703698	-24.805913237946918	-78.87335766102534			15.478425956829907	0.7144426747132255	1.6826102416323838	0.1884699988224187	4.615732095148702	4.538067314189417	25.57707470356399	59.71290565333614	2025-12-31	9.242617888223336		11.058448040948177	1.18851807396178	MAGAZIN UNIVERSAL MARAMURES SA BAIA MARE			34.475547008
MCAB	0.025	25366291.25	2627.990719801981	-28.57142857142857	-16.666666666666664	-45.17628360831728	-110.19707981043557	-13.445406850035624			-0.05027387172916166	167.46046935846937	-0.9017140079553412		-17.162448319145753		-23.976384870073865	2025-12-31	0.050294827387283116				ROMCAB SA TG. MURES			25.36629125
MEBY	84.5	16503526	3906.535714285714	322.49999999999994	322.49999999999994	293.9903830583493	240.87434876099294			67.03654539029274	6.232070482119479	13.81841589784328	2.5759211092223566	9.296526910561708	8.011894158005369	17.051767571445254	17.857197258463575	2025-12-31	11.970848145604046		417.77647575010604	32.803799657323225	LUCEAFARUL SA BACAU			16.503526
MECA	33.4	12799147.2	565.152380952381	-28.936170212765965	-25.77777777777778	-54.28739471942839	-110.56182145177297			336.39474348191754	1.8763559150710591	3.8543375974349425	15.851237448069977	0.5577839581110815	0.5362850813011453		0.9068018480186947	2025-12-31	3.050433750531776		631.1962667311076	2.1070910147817346	METALURGICA SA BUCURESTI			12.799147199999998
MECF	0.131	31428008.26	1930.690483870968	20.183486238532122	24.761904761904763	-3.7477121797458537	-61.44216500047487	-61.70791694278833			0.686178970135328	17.20344285205798	0.1167129204197301	-6.140002727808702	-5.223036131525994		-15.060977258536646	2025-12-31	2.094577623281503			1.1224121505047586	MECANICA CEAHLAU			31.428008260000002
MECP	22	10560088	1476	-7.5630252100840405	-7.5630252100840405	-36.072642151734655	-89.18867644909103			40.9494611855856	0.37955642731400435	0.713103786138381	4.381759318672344	0.9268899182673738	0.9202802311668743	13.999267786498276	14.547299694760612	2025-12-31	5.957040842056809		15.542631188034363	5.020814335066198	MECON SA BRASOV			10.560088
MELE	61.5	55895935.5	620.0454545454545	-17.4496644295302	1.6528925619834656	-26.85672437966715	-99.0753156685372			38.27149230645986	1.0745578300735241	13.700688619450816	6.440614076492198	2.807723883534453	2.4230463769574455	36.51611812567667	24.349341480728903	2025-12-31	9.318856351470803		41.12493172650508	9.548778931572814	METAL LEMN SA CRAIOVA	1.342281879194631	1.6260162601626018	55.8959355
MEOR	1.88	4612534.88	119.64666666666669	-30.37037037037038	-21.666666666666668	-50.176283608317284	-111.99602160937738			49.84368791873784	0.5746575602560493	33.960083046640754	1.615249547988242	1.1529194252097408	0.7613870309476595	1.351167977000759	1.443379560784622	2025-12-31	0.7194336037603359		28.64305209354581	1.1639068417270253	METALICA SA ORADEA			4.61253488
MEOY	0.366	27157520.25	3832.2454736842083	-16.43835616438356	-37.43589743589744	-65.94551437754805	-98.06400740339056			57.87776415001854	1.3717434471171135	5.75532503152309	0.049325092190624434	2.3700698657978028	2.233664641546956	18.021385441449475	22.543403144782207	2025-12-31	13.047617703524908		79.39344370657773	7.42015845779946	MECANICA CODLEA SA	5.66875	4.956284153005464	27.15752025
MESA	2.1	10795631.700000001	674.4850000000001	430.30303030303025	114.28571428571428	85.77609734406366	348.6773790640233			480.55338081460053	4.102690744004798	45.797659045784	0.09135428360343194	0.8537429779497551	0.4627486797810034	1.2686639882889108	0.25161593093414303	2025-12-31	1.2091488627721547		1971.5619074682745	22.98742781582175	METALUL MESA SA SALONTA			10.795631700000001
MET	0.64	77094480.64	22725.05366108785	-13.513513513513509	3.2258064516129004	-25.283810490037716	-95.13916475252051	-42.856642137488755	-2.9828757468557066	7.544606706529703	0.6140348259292131	7.883553893055435	0.6712080145092991	8.265338055242967	7.608130169860897	27.36413980764254	67.06597339173364	2025-12-31	5.455646357094008	45.99910260920895	4.63265126574834	0.9535047051961761	Novere Capital S.A.			77.09448064
METT	1.26	225062.46	2.94	0	0	-28.509616941650616	-81.625651239007				0.48845495741854833	43.567434101748226	-0.24053722686582205	-14.96840030905192	-8.447052368319849			2025-12-31					METTEXIN SA MANGALIA			0.22506246
METY	0.97	6945501.67	5472.838500000001	-13.392857142857151	3.1914893617021267	-25.318127579948488	-95.01850838186415				1.7457882714123878	52.61391343725773	-0.4631354699537492	-40.44200317059505	-19.163882630125148		-428.5172490019202	2025-12-31	18.49810416783187				MECANICA ROTES SA Targoviste			6.94550167
MFC	18.9	70042568.39999999	3188.5312499999995	100	100	71.49038305834938	18.374348760993	16.684807137144176		4.150327380324566	0.3378812491779702	31.472233945108435	-22.329138284426474	7.4014014171610185	5.075796831618522	89.10016481007641	63.451566987112415	2025-12-31	2.837447768002184	121.17050218868158	1.402317799761597		MF CAPITAL SA			70.0425684
MIB	20.6	42961712	16621.333057851243	32.05128205128207	21.176470588235308	-7.333146353415309	-49.574369187724926	34.81392291294965	188.46846846846844	13.018069426936876			1.9449154167785492	24.045701787378537	9.353949697400624	2.911345199234136	2.906629845520927	2025-12-31	0.45559870691901827	57.127733106037134		10.591720247721984	Millenium Insurance Broker (MIB) Broker de Asigurare-Reasigurare	6.289308176100629	4.761904761904762	42.961712
MILK	6.15	63874638	13393.4367965368	13.888888888888884	0.819672131147553	-27.689944810503064	-67.73676235011811			17.05819635290357	1.8668674409341715	77.73111053235726	-6.109405148409608	10.944108054052279	2.437131325776289	10.244772950361797	3.4357350085189324	2025-12-31	0.5860744239186076		31.8453913722977		Agroserv Mariuta S.A			63.874638
MINO	0.22	7316043.24	465.23606666666683	-81.5126050420168	-84.28571428571429	-112.79533122736491	-163.1382562810238			13.00625284887876	1.036082278268586	53.88380735953947	0.0841717250430029	7.966032110146962	3.673630713716315	1.74256584324999	1.4174832748278117	2025-12-31	0.1843614588146722		13.475548083403591	2.6137043037623755	MINDO SA DOROHOI			7.31604324
MINX	13	2316002	7043.033333333333	18.181818181818187	0	-28.509616941650616	-63.44383305718881				4.894537185559014	67.45093884974483	-2.5605655780953556	10.562292744661422	4.272128625847114	6.385465566770147	6.643411251066797	2024-12-31	2.5714412604936587				MINEXFOR SA DEVA			2.316002
MOBE	3.04	52966877.6	824.5041666666667	26.666666666666682	56.70103092783505	28.191413986184433	-54.95898457234031			19.902049840345867	0.6755762825558447	2.805106009826436	0.1629837375952854	3.3945060331740393	3.2992865404335534	54.50303819251189	47.40029141428543	2025-12-31	9.433629621740268		13.445352846382002	18.652167663186155	MOBEST SA BUCURESTI	6.869565217391305	5.197368421052632	52.966877600000004
MOBG	30.8	75715578.4	21100.309523809527	165.51724137931038	172.56637168141592	144.0567547397653	83.89159014030338				2.4857934582912558	11.02831827966638	1.9003822970201334	-10.667004384864796	-9.490613190395939		-37.41134788521081	2025-12-31	8.718181832836489			16.20726526883327	MOBEX SA TG.MURES			75.71557840000001
MOBT	0.258	1386728.5860000001	573.4163333333332	11.206896551724132	0	-28.509616941650616	-70.41875468728287			3.950726158527205	529.6900634071811	99.93789177939104	0.0004870772888213902	13407.410236822003	8.327103927834898			2025-12-31			2092.6603894146842	529.690063407181	MOBILA SA RADAUTI			1.386728586
MODY	0.81	4287289.5	8.9	-22.115384615384613	0	-28.509616941650616	-103.74103585439161			18.553189141469876	0.9412016975172789	6.035261301559051	0.38405822839815223	5.072991442821632	4.7668231534416154	11.720766447956644	12.714397722114473	2025-12-31	2.358926257582635		17.462293114310594	2.1090551903506545	MOLDOVA SA VASLUI	6.171428571428571	7.999999999999999	4.2872895
MOIB	1.27	151702250.57	1654.7618840579705	-3.7878787878787956	28.282828282828287	-0.22678865882232913	-85.4135300268858	-2.6554033725948556	9.002456947814741	7.773774654273291	1.2695336705461544	52.55599590658798	-0.3541711317275944	15.810164477346458	7.659749740395319	10.537086485217609	7.624848374805486	2025-12-31	0.6078814315646177	33.187591460319865	9.869068670838233		MOARA CIBIN SA SIBIU	4.365217391304348	3.9527559055118107	151.70225057
MORA	5.7	25995431.400000002	44950.383658536586	359.6774193548387	100.7042253521127	72.19460841046208	278.0517681158317			68.1622110463165	4.416795028261412	43.3577597278518	-0.06902312457872886	6.479829454564174	3.6703205688796703	3.409739151038825	2.6958742328751377	2025-12-31	1.8375674841556175		301.05851486467583		MORARIT PANIFICATIE SA ROMAN			25.9954314
MRL	0.005	29245.375		0	0	-28.509616941650616	-81.625651239007																MARALACT			0.029245375
NAPO	2.04	12712166.16	595.9144999999999	-22.137404580152676	-34.193548387096776	-62.70316532874739	-103.76305581915967			27.103849455350232	0.6656775626130372	85.93116121286904		2.456025900341747	0.3455343244892621	2.9220449871403447	2.3028509439726363	2025-12-31	0.6241612530354551		18.04242444286824		SC DE CONSTRUCTII NAPOCA SA CLUJ NAPOCA			12.71216616
NAXY	1.56	613236		67.74193548387098	67.74193548387098	39.232318542220355	-13.883715755136024				0.4591162007894059	50.71198336509881	0.9794479776138387	-16.0598882373728	-7.915600385982844		-46.16086472807246	2025-12-31	1.319635636678208			1.5927339028260796	NAVEXIM SA GALATI			0.613236
NCHI	0.3	102961371	1268.8795294117645	11.940298507462677	41.50943396226414	12.999817020613524	-69.68535273154433			20.122388262721877	1.0529546074306455	31.634644808817285	-0.04340688412161878	5.232751667859014	3.5773892640043528	41.49011628693021	71.31785117486304	2025-12-31	14.350854914036095		21.187961433741343		SCALA DEVELOPMENT S.A. CLUJ-NAPOCA			102.961371
NEOL	0.195	14296480.770000001	362.254844262295	21.875	30.000000000000004	1.4903830583493871	-59.750651239007				0.6386530114653034	11.659615862730318	0.036732612623239305	13.913396894422977	10.9627797816127	392.1392360048628	392.27486623055484	2023-12-31				5.308634101257231	NEPTUN OLIMP SA NEPTUN			14.296480770000002
NORD	5.8	53088942.8	2671.4622916666667	171.02803738317755	152.17391304347828	123.66429610182766	89.40238614417055				1.159872548245727	0.14303534604701423	0.033264520008486585	-0.6676555092017259	-0.6667005258337373		-400.1767825574543	2025-12-31	695.1999319059778			174.3599486335675	NORD SA BUCURESTI			53.0889428
NRF	2.64	55063689.120000005	55430.13927125506	-29.2225201072386	-6.7137809187279185	-35.22339786037853	-110.8481713462456	-43.21988746209768	-91.02024940914201		1.4789429559209717	62.321789123728344	-0.24799781449877545	13.699313381331644	4.103706912409062	19.575839704769507	9.167563625817213	2025-12-31	1.5790539456555068	28.351232995205436			Norofert S.A			55.06368912000001
NTEX	34.8	15491289.6		0	0	-28.509616941650616	-81.625651239007			36.092228119306455	6.463157271114178	34.01937525910665	4.498041118539286	17.907337972456475	11.815373468690007		232.4838452830393	2023-12-31	83.90859978009001		233.2697466000071	7.736701173443499	NAPOTEX SA CLUJ	8.547486033519554	8.793103448275863	15.4912896
NUIA	11	12226709	5220.9857142857145	1.8518518518518379	1.8518518518518379	-26.65776508979878	-79.77379938715517				0.6818442096960364	13.525899737175346	5.651058596389266	-14.224929290509353	-12.30087961699097		-14.748793849562233	2025-12-31	0.70695463442718			1.9465379472491102	ABO MIX SA ZALAU			12.226709
OIL	0.1175	352168313.01	23310.846101214567	-1.673640167364021	5.3811659192825045	-23.12845102236811	-83.29929140637103	-2.004883675184621	23.644287479161918	13.023063398848342	0.5867968578409845	34.17401287468494	-0.08475659322493456	4.192998954903421	2.698875077760193	10.798842757084076	6.20141290501847	2025-12-31	0.8907791792607098	20.641488330707098	7.641892681908138		OIL TERMINAL S.A.	4.107339449541284	3.876190476190476	352.16831300999996
OMAL	0.8	4711940	19.965	26.984126984127	-5.88235294117646	-34.39196988282708	-54.64152425488			80.03023251864056	1.971072717278814	8.017644265806002	0.20485608899943547	2.462910146886945	2.26544277272311	11.223282845396945	9.410863963889083	2025-12-31	7.531536312313388		157.74540787497216	3.905180480147723	COMALIMENT SA RESITA			4.71194
OMSE	5	609735		0	0	-28.509616941650616	-81.625651239007				0.39873174355506785	26.166264549487934	6.838044396336113	-8.582866963207875	-6.337051287684302		-73.10848071299262	2025-12-31	3.3963793343545468			0.7312032081393104	COMAT CARAS SEVERIN SA RESITA			0.609735
ONE	34.3	3790149999.9999995	1177324.2925101214	54.5045045045045	15.294117647058814	-13.215499294591803	-27.121146734502496	-53.66722993324709	-77.6939887664238	10.757000476056481	0.9952042022864063	41.64568575311118	3.7778880995475115	11.180491972813224	6.460352869918548	40.98572787555123	30.458157348296922	2025-12-31	3.126274968615338	41.35840717086969	10.705412077768283	9.079146628008438	ONE UNITED PROPERTIES	1.9417475728155338	0.029940119760479042	3790.1499999999996
PACY	0.65	24570615.55	7.8	-27.77777777777778	0	-28.509616941650616	-109.40342901678477			65.94297310281156	-75.72608477903762	101.12043338972789	-0.23387718302401259	-114.8357151882934	1.2866576963024563	4.413126304225138	2.6726770410755782	2025-12-31	1.7624427023214886				PALACE SA SINAIA			24.57061555
PBK	0.144	466328240.35199994	67322.85402631584	42.574257425742545	28.57142857142856	0.0618116297779423	-39.051393813264454		-5.103328600725665	9.173369535792268	0.9617057650428853			10.637084543767795	0.9455159344835071		18.558960623222312	2025-12-31		39.69539259018812	8.822082367440201		PATRIA BANK S.A.			466.32824035199997
PCTM	26	15020902	1668	-3.703703703703709	-3.703703703703709	-32.21332064535432	-85.32935494271071				0.4597593613413834	0.6452283111000782	0.08133945617912959	-0.6211184116567894	-0.6171107798193246		-36.602267992518186	2025-12-31	27.093441508195184			319.64806775621383	PRIMA CONSTRUCT SA TIMISOARA			15.020902
PE	61	7625076250	2147172.0028340076	198.28850855745722	108.54700854700856	80.03739160535794	116.66285731845022	9.59975533114157	-52.13027891842599	16.870198181320685	2.5586083222559286	55.343511450381676	-2.523821161788382	17.428087986463623	8.161648177496037	8.095515433896331	5.998835177635411	2025-12-31	0.850219352542886	74.54662067580159	43.16422946483394		Premier Energy PLC	2.9715223880597015	0.9602508038585209	7625.07625
PELA	0.08	912588.16		0	0	-28.509616941650616	-81.625651239007				0.9170081392310939	81.94320887166556	-0.3098977746982823	-1.0489559677646256	-0.18940778812745754			2025-12-31					PERLA COVASNEI SA BUCURESTI			0.91258816
PETY	9.2	10936316	2327.866666666667	-17.85714285714286	0	-28.509616941650616	-99.48279409614986	438.1373685071319		11.012145634841518	0.6891541885009099	78.13160792286044	-37.88217761813027	-1.565900700111746	-0.3396793023892573	13.050037478982086	-2.1733903740641973	2025-12-31	0.7789786685248788		7.589066288633044		PETAL SA HUSI			10.936316
POTI	4.44	4573200	87.60857142857142	18.71657754010696	48.00000000000002	19.490383058349405	-62.90907369890004				1.1313643885419793	9.320647223984473	-0.3778126213592233	-2.078571589374991	-1.8848352642313813			2025-12-31					POTIS CAPITAL SA CLUJ-NAPOCA			4.5732
PPL	7.45	213796367.55	2864.506690140847	26.271186440677962	13.740458015267176	-14.76915892638344	-55.35446479832903	16.377209495389767	334.73673207636716	71.85422940575073	2.131501899601245	49.82502139347749	-0.9599494018625108	1.920059469248623	1.0266207729361823	6.443709118503252	1.4584908479045002	2025-12-31	1.6781453804083875	336.9622461641918	153.15742647274132		PROMATERIS S.A.			213.79636755
PPLI	2.58	199597951.26000002	9371.845555555554	35.78947368421053	3.200000000000003	-25.309616941650614	-45.83617755479647				0.9116986880365918	0.06756414042444621	0.009086669720559735	-0.031662213594065756	-0.031640821291611575		-5.713423801234373	2025-12-31	164.51537629569555			283.93240640874455	Professional Imo Partners S.A.			199.59795126000003
PRAE	0.32	19731370.56	1620.0996415094346	8.108108108108114	-7.514450867052014	-36.02406780870263	-73.51754313089889			7.166241090035585	0.4170509918804353	45.82066468408439	-0.208095168428077	5.819661753500459	3.1530540556811073	2.623746236728515	1.724626832562971	2024-12-31	0.12359091672490684		2.9886879546536727		PRODLACTA SA Brasov			19.73137056
PRBU	1500	890938500	2236.818181818182	20.967741935483875	-6.25	-34.75961694165062	-60.65790930352313			30.17031556840548	1.748555031561242	13.306234448067936	-77.3085482331272	5.795613995474207	5.024436009531372	65.29175035777715	60.04613073733355	2025-12-31	18.116107130070855		52.754457090925875		PRACTIC SA Bucuresti	2.7	1.7999999999999998	890.9385
PRDI	0.25	5263790		0	0	-28.509616941650616	-81.625651239007			863.0578783407116	2.454472246430638	4.351900209932712	-0.0010954559357421174	0.28439254284423315	0.272016063175162	0.776494583380546	0.776494583380546	2025-12-31	6.701597676754688		2118.3516094505867		PRODHART SA IASI			5.26379
PREB	1.93	270200000	50753.19084070798	-9.81308411214954	-6.763285024154586	-35.272901965805204	-91.43873535115654	15.06123052002819	1410.2307738416353	58.640143323281464	3.664674324380262	68.05785364299753	-0.7250391714285714	4.615696395085698	1.5874283512764902	7.694849332380414	4.926081098354606	2025-12-31	3.751137644941661	3013.0132734645936	214.89702761480822		PREBET SA AIUD			270.2
PREH	2.3	189994133.5	3684.7795209580827	-12.87878787878789	-4.958677685950419	-33.46829462760103	-94.50443911779489	-66.88866699604642			1.1973810470129884	27.152405395614537	-0.5676282678485965	-29.632758609427057	-20.61839710608637		-62.99009257592284	2025-12-31	3.2609634573733435				PREFAB SA BUCURESTI			189.9941335
PRIB	7.4	9059864.4	2254.1870967741934	-27.450980392156854	10.447761194029859	-18.061855747620758	-109.07663163116385				1.6623820970878704	18.827015733912386	-0.9281184605809332	-8.64222267849728	-7.015150055056853		-203.00896093652347	2025-12-31	39.04996142357774				PRIMCOM SA BUCURESTI			9.0598644
PRIN	0.05	29540		0	0	-28.509616941650616	-81.625651239007				0.03245447693798492	70.51704764283245	-0.4775575490859851	-22.38216300189629	-6.598922454352664		-80.95932600790829	2021-12-31	0.11739225465455919				PROIECT COVASNA SA SFANTU GHEORGHE			0.02954
PRSN	0.118	84729749.55	20920.218584033628	22.91666666666665	13.461538461538458	-15.048078480112158	-58.70898457234035	-5.934181938606309			0.5313999471633987	23.946576179763206	0.060086668909550674	-1.8439060197152828	-1.420988368372613		-1.896157058298809	2025-12-31	0.542365048064836			1.9638299499948497	PROSPECTIUNI SA BUCURESTI			84.72974955
PTENGETF	16.776	127665360	367469.754910931	96.21052631578945	54.53205600589535	26.022439064244733	14.584875076782453																FDI ETF ENERGIE PATRIA-TRADEVILLE			127.66536
PTR	0.654	181936848.6	24136.95131707316	5.825242718446599	10.84745762711865	-17.662159314531966	-75.8004085205604	3.353114471299623	499.328969950219	37.91020759500845	1.7093403983284965	19.394968620063736	0.160847001106075	3.6674702725655264	2.904708528071015	2.8074220178279994	6.101842783532843	2025-12-31	2.852115256171384	165.52428783929471	64.80144935116773	4.065975712961547	ROMPETROL WELL SERVICES S.A.	5.242022792022792	5.57560606060606	181.9368486
PVBS	0.54	1662165.36	2065.991915151515	-19.402985074626866	-24.99999999999999	-53.509616941650606	-101.02863631363387			0.8777588219979754	0.30573495085735225	26.15965048553711	1.7662357492518073	34.83131621069113	25.7195656304621	99.56581818181817	86.07486363636365	2024-12-31	0.7555297090909091		0.2683615503081584	0.30573495085735225	PERSEUS FINTECH SA			1.6621653600000001
RANT	3.5	7856691.5	318.6125	-2.777777777777779	-7.894736842105255	-36.40435378375587	-84.40342901678478				2.12292120780775	11.566271048455565	0.36417466563374673	-12.182484901592511	-10.773425677437146		-278.7715403973264	2025-12-31	48.5787604108056			9.610772879846554	GRANITUL SA BUCURESTI			7.8566915
RCHI	0.228	190047826.8	1566.6198701298704	13.99999999999999	-8.064516129032251	-36.57413307068287	-67.62565123900701			45.34812554165442	1.615592354040358	6.679382948277605	0.03967675576703832	3.562644177114574	3.3246815294405776	8.209649668044932	14.520180969387791	2023-12-31	6.584629894873389		73.26408489515914	5.7464375701153525	COMPANIA HOTELIERA INTERCONTINENTAL ROMANIA SA BUC			190.04782680000002
REFE	26.6	54402399.800000004	43735.559259259266	0.7575757575757791	-1.4814814814814725	-29.99109842313209	-80.86807548143122			4.559091584087059	0.8867324821337808	67.15114419418211	-19.764839969430906	19.4497624313758	6.3890244156567775	15.283661849131287	11.208230028442859	2025-12-31	0.510993471951857		4.0426945966327485		REMARUL 16 FEBRUARIE SA CLUJ NAPOCA			54.402399800000005
REIT	0.28	77071832.04	14511.720251046027	37.25490196078434	40.000000000000014	11.490383058349398	-44.37074927822266			72.791543688055	2.162705258565654	1.1061573682907566	0.023612332441448995	4.936074309213716	4.795644545497659			2025-12-31			157.4266543132681	11.858210140582687	Star Invest Imobiliare	11.376428571428571	5.6882142857142854	77.07183204
RELE	11.7	6335585.1	3161.2416666666672	-22.51655629139073	-40.3061224489796	-68.81573939063021	-104.14220753039773				1.770412310089468	72.08156791644271	-3.7356542807703743	-56.056584249731664	-15.650119402123416		-11.013421412726888	2025-12-31	0.34783241088022515				RELEE SA MEDIAS			6.335585099999999
REMM	17.2	5281638.399999999		0	0	-28.509616941650616	-81.625651239007			3.213054581866716	0.5282117488056166	75.85089307754501	-0.19461885160483536	16.4395510672818	3.9700047648094734	9.911867864837815	7.370302122099429	2025-12-31	0.2368118300315355		1.6971731796957175		REMAT MARAMURES SA BAIA MARE			5.281638399999999
REVA	9.5	14175757.5	3265.3494623655906	2.1505376344086002	-12.037037037037045	-40.54665397868766	-79.47511360459839			6.87042632170488	0.14042193213344226	35.566145634380014	19.16186799894115	2.043860534386706	1.3169381201631125	3.6099483722036467	1.5189286853131998	2025-12-31	0.10435687620368396		0.964758538674258	0.49577629908132925	REVA SA SIMERIA			14.1757575
RMAH	0.874	83450236.68	32331.813489878532	16.844919786096256	9.250000000000004	-19.259616941650613	-64.78073145291074	-10.972714534567062	-76.20965124458212	14.168920333030657	1.0423514587807814	77.4072465998553	0.2931761268912437	10.096872964531078	2.0977106753618346	1.9395436812579163	1.0579853739740215	2025-12-31	0.1129207623618037	52.64809825766519	14.768994778483181	2.9811431417272867	FARMACEUTICA REMEDIA SA  DEVA	4.807692307692308	4.555808656036446	83.45023668
ROC1	0.628	156166154.16	31718.63863247863	-20.906801007556673	-11.549295774647883	-40.0589127162985	-102.53245224656368	25.541542785551187			0.7701204287539642	69.33256477670943	-1.024940119969975	-15.666364579907736	-4.770397888038536	0.0664499052195606	-5.017523997300733	2025-12-31	0.2353030167409299				ROCA INDUSTRY HOLDINGROCK1 S.A.			156.16615416
ROCE	0.215	113572501.28	45583.14047357722	55.23465703971118	50.349650349650354	21.840033407999737	-26.390994199295818	-8.715081070378417		24.556609398723353	0.8264545835550178	48.81694308704295	-0.0006098902834695057	0.11099080995425795	0.05894886855381896	1.8914247702130433	0.05895177596220141	2025-12-31	0.44812814808072265		20.294922394145143		ROMCARBON SA  BUZAU 	1.6201117318435754	1.355140186915888	113.57250128
ROOF	7.7	3885697.2		0	0	-28.509616941650616	-81.625651239007			2.791441116548516	0.2872291133752679	29.549111061186622	4.0264903811856465	10.289635402748996	7.249139609799517	19.45313078131445	14.487966851793624	2024-12-31	0.4044230636528868		0.8017831569454982	1.9123353767289135	ROMANOFIR SA TALMACIU			3.8856972
RORX	16	111161232		0	0	-28.509616941650616	-81.625651239007				4.930217177296557	97.41983233433349	-108.92265620085966	-90.51220024514208	-2.3353665242084776		-30.300694765308673	2025-12-31	1.650484745828092				ROMAERO SA BUCURESTI			111.161232
RPH	0.208	106343621.904	17213.525797520666	26.06060606060605	15.555555555555545	-12.954061386095072	-55.56504517840095	12.907898484953328	68.8568433063305	13.941146336935832	0.39855662019426386	74.35129010761774	-0.2152478941582768	2.5660423446985576	0.6686729223825649	2.2155103571452774	0.4930492257959136	2025-12-31	0.07421360115377018	78.72257362673861	5.556336165682787		ROPHARMA SA BRASOV			106.343621904
RRC	0.09	2390328515.3399997	20054.494319999998	32.35294117647059	25	-3.5096169416506164	-49.27271006253641	-5.536099246441351		7.716686886095011	3.213764314732173	94.12555672410893	-0.18064251485891744	11.867205009336034	1.1781949857072256	3.5066437067359004	0.7087310920154659	2025-12-31	0.12668709795324332		24.79961294249388		ROMPETROL RAFINARE S.A.			2390.3285153399997
RRD	1.39	20850000	509.9972340425531	-11.46496815286625	-0.7142857142857117	-29.223902655936328	-93.09061939187325			5743.801652892562	0.7890318443034682	27.42533291096417	0.27026306666666666	0.013737101174204267	0.00996965544486278	2.2609658274711033	0.01386252166830522	2025-12-31	0.7962357487167048		4532.042411495127	5.143137081747018	Romradiatoare SA			20.85
SAFE	0.9	146445887.70000002	60492.95036842106	0.22271714922048602	0.8968609865470878	-27.61275595510353	-81.40293408978651	29.269320553912117	43.48220237301692	11.865028949620136	3.0171132232938893	49.601219852336094	-0.18839643047211355	24.996032301057642	12.732676232173892	37.39901890699892	31.644749866403053	2025-12-31	3.8235924209126644	58.72796260714295	35.79813573866372		SAFETECH INNOVATIONS	1.0964912280701753	1.0548523206751057	146.44588770000001
SATU	4.9	9692596.9	4149.890483870969	40.000000000000014	14.485981308411212	-14.023635633239405	-41.625651239006984				0.23699260768947686	18.13526071314462	13.365993606935206	-8.126908132069714	-6.65307215440112		-4.863917223111149	2025-12-31	0.14183898815616414			0.36660200087612943	SATURN SA ALBA IULIA			9.6925969
SCBC	48	10608624	1503.4153846153847	63.26530612244898	28.342245989304814	-0.16737095234580224	-18.360345116558015			11.578370414026816	0.5308420983262094	13.584509162900213	14.985299507268802	4.584773844194098	3.961954821231299	3.981352897999862	4.837620328707602	2025-12-31	0.5601176008820278		6.146286445780097	3.2031391816170918	SCUT SA BACAU	8.080808080808081	5.981308411214954	10.608624
SCDM	99	269120610	23739.683333333334	3.125	14.45086705202312	-14.058749889627496	-78.500651239007			349.88488875656714	1.0722760639869409	32.96433569613303	12.337321723520171	0.30646538288567765	0.20544110527880347		1.7155170848701755	2025-12-31	6.002335043997917		375.17319136440045	8.024432062208769	UNIREA SHOPPING CENTER SA Bucuresti			269.12061
SECE	0.97	8838349.97	60.602999999999994	38.57142857142857	38.57142857142857	10.061811629777953	-43.05422266757843				1.8153617249484664	37.54479875229269	-0.30965908560871347	-5.843639419928834	-3.649656759906909		-212.24980043717318	2025-12-31	65.9366768126646				SERVICE NEPTUN 2002 SA NEPTUN			8.838349970000001
SEOL	1.27	14146307.75	1492.9255813953494	-27.011494252873558	-26.589595375722542	-55.09921231737316	-108.63714549188056			124.21136150111073	1.3835293127551274	6.301055478751959	0.3373705933974185	1.113850855537684	1.043666495179701		11.073719787410715	2025-12-31	13.754818116760756		171.8500596140104	3.764406337881249	SEMROM OLTENIA SA CRAIOVA	26.865671641791046	56.25	14.14630775
SEOM	1.2	16210910.399999999	1835.6061643835617	-27.27272727272727	-22.077922077922086	-50.5875390195727	-108.89837851173426			20.02251684094294	1.992354556760419	6.726189213835811	0.6025176969703071	9.950570013687605	9.281275846711768	57901.4	80963.4	2025-12-31	16210.910399999999		39.8919526658649	1.9916427451576375	GERMINA AGRIBUSINESS SA BUCURESTI	4.375	6.03448275862069	16.2109104
SERC	0.91	35136376.730000004	1911.4015384615382	-2.1505376344086002	-8.080808080808078	-36.590425022458696	-83.7761888734156			90.83673742528595	0.6614665104636476	2.608099583217512	0.07947217043628277	0.7281927215931879	0.7092007302562957	9.508857599904912	8.329035757481927	2025-12-31	7.565824341082034		60.085459726606516	11.450549230055286	SERICO SA BUCURESTI			35.13637673
SEVE	4.7	42151517.6	3059.2892857142842	2.6200873362445476	8.294930875576046	-20.21468606607457	-79.00556390276245			16.364951922162316	0.33060104038558474	48.842131985693655	-5.436007037146392	2.0201772786015133	1.033479625841968	8.260382106165482	2.685060293789735	2025-12-31	0.4394088261597604		5.410270131326937		SEVERNAV SA DR. TR. SEVERIN			42.1515176
SFG	40.1	1550805826.2	421219.82813765184	4.427083333333348	6.2251655629139035	-22.284451378736712	-77.19856790567366	4.237327868897678	-32.44315580650083	28.326772721792977	11.81125390292386	82.66141971436683	-13.185475869732066	44.8087044215436	7.309750232313639	6.460775364339249	3.6203487624496633	2025-12-31	0.9776307145603894	138.39066805282886	334.57470486751447		Sphera Franchise Group S.A.	2.6360338573155984	2.7318295739348373	1550.8058262
SIDG	0.234	46464497.352000006	27385.0473877551	46.250000000000014	-48.458149779735685	-76.9677667213863	-35.375651239006984				-0.09681429426250993	403.61106384989614	-2.361349574510727		-161.9784886771249		-118.12765222625015	2025-12-31	0.21436373110050014				ARCELORMITTAL HUNEDOARA SA			46.464497352
SIEP	0.366	1491188.676		265.99999999999994	265.99999999999994	237.49038305834932	184.37434876099294			367.10701033973413	0.048842040686528046	0.3091994762410207	-0.006566303887355969	0.013304578586316795	0.013263440899011826	4.580592542685413	3.600999982269818	2024-12-31	13.219523377245084		17.930255535322967		SINTER REF SA AZUGA			1.491188676
SIFI	875	3937477250	675	68.26923076923077	29.629629629629626	1.1200126879790098	-13.356420469776225																SIF Imobiliare PLC			3937.47725
SIGS	0.3	6975231	242.7526666666667	-50.413223140495866	-50	-78.50961694165062	-132.03887437950286				0.3431541368800701	5.4287338552890665	0.41276215798444527	-17.070558418987016	-16.14384323480857		-18.71426827846957	2025-12-31	0.3761961630556537			0.7268108139198781	SIGSTRAT SA SIGHETU MARMATIEI			6.975231
SINA	9	4538547	669.7	-18.181818181818176	0	-28.509616941650616	-99.80746942082517				2.9776525830220777	78.37623155006874	4.25484499774928	1859.000474346265	394.81043695093405			2022-12-31				2.115235691255687	SINATEX SA BUCURESTI			4.538547
SINT	7.35	28376615.4	1102.1349999999998	70.93023255813952	110.00000000000001	81.4903830583494	-10.695418680867476			86.77306778463768	2.6363356583793354	20.30522794028744	1.7689869155431412	3.0381957509240816	2.4212831784268194	4.520916406169656	2.5381897349624825	2025-12-31	2.2024650992217105		228.76293278760747	4.1549205002137	SINTOFARM SA BUCURESTI			28.3766154
SIRJ	1.5	87345885	3	0	0	-28.509616941650616	-81.625651239007				7.166904179843534	35.24287440929697	0.20929538924472516	-0.8523643364611008	-0.5519666438524776			2025-12-31				7.166904179843534	SIRAJ AD IMPEX SA IASI			87.345885
SLBB	30	2663850		0	0	-28.509616941650616	-81.625651239007				1.2205162744666813	3.3776817213307435	0.21681400979784898	-0.27215746646140315	-0.26296485346349946		-1.8605874945967789	2025-12-31	8.343983160743484			138.3674423436526	SUPORT LOGISTIC BUCURESTI SA			2.66385
SMTL	40.7	331368451.70000005	299993.7846153844	-17.937476877543467	-27.06093189964157	-55.57054884129219	-99.56312811655047	93.11258686698008		590.1086866783727	2.72537563820594	80.28015136710039	-20.797284999958855	7.843181161909605	1.5438210446228908	3.441454879303718	1.6442666859359967	2025-12-31	0.4933130156259404	151.39862965255872	1608.2678385669392		Simtel Team			331.36845170000004
SNC	3.1	201492882.4	1985.3523566878973	9.929078014184412	4.026845637583887	-24.48277130406673	-71.69657322482259				5.5813945907533995	89.19079703507066	-1.21066385668023	-140.3055216512714	-15.165908606288806		-16.405645818061778	2025-12-31	0.6526213776128774				SANTIERUL NAVAL CONSTANTA S.A.			201.4928824
SNG	17.46	67294751040	6456528.845020244	137.55102040816328	74.77477477477478	46.265157833124164	55.92536916915628	-10.187647062036076	2.332127906353154	20.056356211979736	3.761779034311219	31.511375460824187	-0.10333753305464342	19.703944117047552	13.35490966788071	46.410029827120326	41.53100672325073	2025-12-31	8.64629020035518	63.696754909907334	75.44758030290295		S.N.G.N. ROMGAZ S.A.	2.2399999999999998	0.8421052631578947	67294.75104
SNN	70	21115072580	3339301.595546559	58.73015873015872	27.504553734061933	-1.0050632075886838	-22.895492508848278	9.531623495215836	62.92116654413529	7.904896828014769	1.2590813184171752	16.06213082865574	8.047940184726563	14.73037849080105	12.568419552390333	42.65717706286201	41.62454573781036	2025-12-31	3.662659260144849	32.694460518169194	9.952907920168581	8.697877766642263	S.N. NUCLEARELECTRICA S.A.	6.205356280137773	3.8661411444921314	21115.07258
SNO	32.2	367817991.8	16948.227433628323	315.48387096774195	300	271.4903830583494	233.85821972873495	35.97023556403265	575.3464458811357	28.638189267370826	3.662253181760374	26.037750930379993	3.9794478101437996	9.255826411057884	6.868747581121082	7.97002522238463	7.472155643526575	2025-12-31	2.9647172444128675	178.9390821850322	104.8802997642846	8.091574895873917	SANTIERUL NAVAL ORSOVA S.A.	6.296296296296297	1.59375	367.8179918
SNP	1.294	80631297173.052	12751744.990040481	68.05194805194805	30.050251256281403	1.5406343146307862	-13.573703187058953	6.935766700546164	-3.879918848926245	26.72857726335728	2.056702059323077	36.67172969716961	-0.08348227941258621	8.010342144132569	5.03206819011275	7.5313177489972505	8.357512201480821	2025-12-31	2.166759524547354	69.17677601176979	54.97271990032289		OMV PETROM S.A.	6.4069264069264085	3.3712984054669706	80631.29717305201
SOCP	1.71	1093934031.84	16341.730275423717	11.038961038961027	2.7027027027026973	-25.80691423894792	-70.58669020004598	-11.302646330042453	-30.466678234299994	16.564767746361454	2.445762804142517	41.42040290931063	-0.4334867303125988	16.704724182882774	8.79939257755437	36.11412736478063	33.53166754596988	2025-12-31	5.266838595696618	67.35271857198208	40.513492813310506		SOCEP S.A.	1.369047619047619	1.352941176470588	1093.93403184
SOMR	2.7	9385626.600000001	385.07384615384615	-76.52173913043478	-76.52173913043478	-105.0313560720854	-158.14739036944178				-0.31118562194939925	166.99253665387664	-18.770137030595272		-15.890721947671485			2025-12-31					SOMETRA SA COPSA MICA			9.385626600000002
SOPL	3.5	11393641		0	0	-28.509616941650616	-81.625651239007				1.406278935835175	47.08857730580991	-2.0753380767394725	-19.21076556860559	-10.164689372794834		-285.9290638909964	2025-12-31	20.930765005538728				SOMPLAST SA NASAUD			11.393641
SOTA	0.65	2335119.8000000003	81042.4	0.7751937984496138	0.7751937984496138	-27.734423143201003	-80.85045744055739			4.529753815176128	0.6414873501613252	56.907727408272365	0.6501748646900257	0.2020878801778246	0.09753747115798517	0.6096216611838703	0.10247915502865537	2024-12-31	0.2597252436982043		2.9057797717804874	0.999731049753655	SOMETA SA TASNAD			2.3351198
SPTU	2.98	17718802.86	189.84476190476192	19.199999999999996	29.565217391304355	1.0556004496537383	-62.425651239007			54.83303839500404	1.303773270282954	1.5424487646478442	0.2258286246320368	2.377714801960972	2.3410397693712763	53.844897934271444	49.30725309065829	2020-12-31	27.036665018722477		71.4898497878052	13.195847093589602	SPIT BUCOVINA SA SUCEAVA	5.622489959839357	9.395973154362416	17.71880286
SPX	0.256	102372731.136	6262.700252525256	-2.2900763358778664	-14.66666666666666	-43.17628360831728	-83.91572757488487	-1.1198816621451058		9.745990406972068	0.9092973177945849	31.613752511248876	0.17979664189624536	9.572120389925804	7.167556947105814	4.158455145927959	3.359461443866861	2025-12-31	0.3131776810789432		8.862002936311455	1.4238308196419434	SIPEX Company S.A.	3.3663871153846148	3.5010426	102.37273113600001
STK	62	57871110	48825.3	14.814814814814813	2.4793388429751984	-26.030278098675417	-66.81083642419219				0.6164841307117299			-0.2276688730381912	-0.22717716089638448		-9.125674943462698	2025-12-31					STK Emergent ETF			57.87111
STKP	2.54	23657052	5360.5635416666655	11.403508771929838	8.547008547008561	-19.962608394642054	-70.22214246707716				0.8909805562761621	0.01375616980031562	0.09115516760076446	-0.16139177696679688	-0.16137068984435965			2025-12-31				27.86457495338639	STK PROPERTIES S.A.			23.657052
STNM	14.5	96753352.5	8065.896000000002	-36.95652173913043	-14.70588235294118	-43.215499294591794	-118.58217297813744				3.7180890929341346	67.57946098048936	10.430774153278048	-29.7744979283756	-9.653052718732399		-164.95707571081147	2025-12-31	20.59900742837276			1.3901173380734286	SANTIERUL NAVAL 2 MAI SA MANGALIA			96.7533525
STOF	4.56	9055580.879999999	414.63000000000005	-0.8695652173913104	-0.8695652173913104	-29.379182159041928	-82.49521645639831			13.908339676542411	0.37917831488724385	5.723527328141191	8.33386173234643	2.726265849882571	2.5702272789267613	6.741419397280085	6.811607970090818	2025-12-31	0.9473815739146664		5.273740801430746	0.5471653054071146	STOFE SA BUHUSI			9.055580879999999
STOZ	44.2	111909582.2	884.4399999999999	0	2.7906976744186185	-25.718919267231996	-81.625651239007				18.379407202369837	45.459199271362934	-1.0641449414686492	-3.732736702471416	-2.035864486619633		-3.565678207743142	2025-12-31	17.556837504594743				STICLOVAL SA VALENII DE MUNTE			111.9095822
STZ	0.418	27635062.619999997	6528.911846153853	-50.82352941176471	-30.333333333333336	-58.84295027498395	-132.44918065077172	78.96871204440741			1.2975631467170834	35.33643665458864	-0.145812938201332	-14.7539167030143	-9.946480753221895		-863.3278575023569	2025-12-31	58.78699864706182				SINTEZA S.A.			27.635062619999996
TALD	0.35	740881.3999999999		0	0	-28.509616941650616	-81.625651239007			7.0794090948181125	0.10023028245383526	42.08917155335675	1.4995233380133446	1.4158001199167942	0.819901578592384	1.1790294829853813	0.9915778464835148	2025-12-31	0.07019785224615552		0.7095711731798696	0.2334075043231406	TALC DOLOMITA SA HUNEDOARA			0.7408813999999999
TBK	16.9	84500000	37454.26040816324	18.596491228070168	13.804713804713797	-14.704903136936819	-63.029160010936835	28.1293998499925		16.66056765018565	8.353094910632263	69.41543576728473	1.367478	46.00925136822985	20.634977662737587	4.913606560945672	4.197689998020394	2025-12-31	0.6273010953872338		139.1673028470103	12.358516919467808	TRANSILVANIA BROKER DE ASIGURARE	4.724409448818897	3.614457831325301	84.5
TBM	0.275	101596680.62500001	89850.9141376518	-36.194895591647324	-26.27345844504021	-54.783075386690825	-117.82054683065432	-19.672953289642614	-36.86093692804262	75.05110484228412	0.6819519325310024	34.57116955887098	0.15028039209622554	1.9814048883065403	1.249490860079774	5.268220578459434	2.179692375568876	2025-12-31	0.8189542763695188	37.5102937460864	51.181245985782525	1.8299127129234243	TURBOMECANICA S.A.	5.238924731182796	8.858545454545453	101.59668062500002
TEL	113.2	8297915674.400001	1596384.5793522263	95.17241379310346	50.933333333333344	22.423716391682728	13.54676255409646	23.80578704365963	46.719754577200476	16.2152592150234	1.354962387801753	40.341586961775846	-8.445927188223392	7.463237251516783	4.105249157933242	14.744094286970121	15.514685899851289	2025-12-31	2.755153322752658	51.71488430592433	21.971066344812485		C.N.T.E.E. TRANSELECTRICA	6.12540192926045	3.35978835978836	8297.915674400001
TERA	0.09	964242.36		0	0	-28.509616941650616	-81.625651239007				0.07910204338788634	0.5986252437666478	1.1377708608445702	-0.4637873431461935	-0.4610109950327258			2025-12-31				0.07910204338788634	TERRA ESTIVAL 2002 SA NEPTUN			0.96424236
TGN	97	18273005888	2962344.96174089	136.00973236009733	47.1927162367223	18.68309929507168	54.38408112109033	-8.372604270731598	-25.14536023398045	24.33725828334228	3.3600277380028745	54.89634479714351	-25.745555004168562	17.398334134863212	7.408865592320299	29.756908126058608	32.05089300001917	2025-12-31	6.8611624299148755	47.0095121970899	81.77386289897028		S.N.T.G.N. TRANSGAZ S.A.	3.1395348837209305	1.1031664964249235	18273.005888
TIGH	0.3	1610720.0999999999		0	0	-28.509616941650616	-81.625651239007				-1.2840121870822347	120.94467882476063	-0.9029291308899665		-26.023088446159797		-48.49511907806675	2025-12-31	0.5011665114056196				TARNAVA SA SIGHISOARA			1.6107200999999998
TLV	37.2	46410223380	20409008.783076923	52.56488664776753	40.94570653883159	12.43608959718097	-29.06076459123947		30.102527148258453	9.42391033743772	1.9281913336588379			20.004991031123936	2.076843375562767		40.01014864389583	2025-12-31		44.193352251031506	18.171102241825345		BANCA TRANSILVANIA S.A.	5.376332415942928	4.66701553823371	46410.22338
TRANSI	0.668	1420461920	222875.06670445346	75.78947368421053	27.969348659003824	-0.5402682826467924	-5.836177554796464		-75.82213182006315	8.738449795835612	0.5875185625944455			8.45302827312523	7.879930490869078		82.96045364290549	2025-12-31		65.44558743470009	5.134001463353064		TRANSILVANIA INVESTMENTS ALLIANCE  S.A.	3.0864197530864197	2.2388059701492535	1420.46192
TRCS	0.72	503092.8		0	0	-28.509616941650616	-81.625651239007				0.6794832557856848	17.885692865286423	1.7605833357185792	16.41738022195964	14.840193197429786	110.90590990970253	110.90648541946028	2018-12-31				0.40895536461847354	TRANSTEC SA TECUCI			0.5030928
TRGI	9.5	21824540	2734.614130434783	-18.103448275862068	-34.93150684931506	-63.441123790965676	-99.72909951486906			110.45925700981881	1.1152428628573425	0.5069138926640019	2.206430101161353	1.0096418290756815	1.00452381437795	13.134492836950793	18.933448325427626	2024-12-31	20.913746346605336		123.18889801672532	4.305597532865274	TRANSPORTURI AUTO GIULESTI SA BUCURESTI			21.82454
TRIP	1.685	363956813.665	593812.9079545455	100	100	71.49038305834938	18.374348760993			11.420760349676144	5.81322869406118	67.82290499209195	-0.04459111260089781	50.90054003476244	16.378315126523788	4.4077796042354205	3.9685065081597344	2025-12-31	0.45323361775822424		66.39149177273354		CHRISTIAN '76 TOUR			363.956813665
TRNG	9.1	48453514.199999996	1380	0.5524861878452914	0.5524861878452914	-27.957130753805323	-81.07316505116171			23.627976909167867	1.3265938183568924	60.29786960906808	-3.124937224883474	5.614504464164098	2.229077883167124	5.941432835916021	2.552701046910614	2025-12-31	0.6031516139241262		31.344728107981485		TRANSGEX SA ORADEA			48.453514199999994
TRP	0.443	1329664698.464	665798.3576963563	6.951150686649532	2.9036004645760727	-25.606016477074544	-74.67450055235747	-5.503133565528239			3.1400310180673543	63.341888418092594	-0.0697308278396099	0.27688017797306474	0.10663176283075301	2.870964961835825	0.11100813395514417	2025-12-31	1.2426761059997422				TERAPLAST SA			1329.664698464
TRSB	1.07	121850992.24000001	123.05	1.904761904761898	1.904761904761898	-26.60485503688872	-79.7208893342451				11.308591762790462	2.039446122918615	0.08958039938239243	-5.774861460438209	-5.657086272279381		-33.399569305155666	2024-12-31	65.40452908049014			11.944577244319756	TRANSCOM SA SIBIU			121.85099224000001
TRSK	0.17	8288371.760000001	441.14954166666666	-19.811320754716977	-2.857142857142847	-31.366759798793463	-101.43697199372397			879.30954381498	1.0093935592423995	66.3074776019566	0.02301429708070913	0.11479388189772578	0.03867695436997474	3.214765492988165	0.042812669770562514	2025-12-31	0.37645589125454704		887.5693901072133	7.386712677073076	TRANSILANA SA GHIMBAV			8.28837176
TRVM	0.192	7708613.376	1483.2646236559137	-21.95121951219512	-29.92700729927008	-58.43662424092069	-103.57687075120212			16.777258429313903	0.23899714311385523	12.589270523351653	0.09291634656759312	1.4245303791486563	1.2451923960303048	13.377441081490101	10.625729052095831	2025-12-31	1.782706023068804		4.009716833888869	2.0663748316915074	TRANSCOM SA BUCURESTI			7.708613376
TSND	0.07	21126197.26	699.959655737705	-6.666666666666654	-5.405405405405395	-33.91502234705601	-88.29231790567366				0.5879068599040163	7.474081703808035	0.007092402298244942	-0.8635354467152951	-0.7989941018864504		-1.2136528554211807	2025-12-31	0.8262716278275173			9.869716501744682	TUSNAD SA BAILE TUSNAD			21.12619726
TTS	6.38	1148400000	599252.4144939273	31.546391752577318	16.636197440585022	-11.873419501065595	-50.07925948642968	-1.5454687424990565		526.1221671798542	1.1316721474128202	24.359328552406083	-0.5952730722222223	-1.0342475205775519	-0.790727764922875	1.077777322393093	-1.6149017240654837	2025-12-31	1.7700026716498005	227.89762784579324	595.3978027339124		TRANSPORT TRADE SERVICES S.A.	3.7804878048780495	2.429467084639499	1148.4
TUAA	0.114	53939605.362	169.1126344086021	22.580645161290324	39.02439024390243	10.514773302251815	-59.04500607771668				0.6576989802652649	3.6841900484439876	0.011424743430439338	-2.1044399724759377	-2.0269084044345016		-6.4109951806823435	2025-12-31	2.003623314500845			9.978342244103782	TURISM COVASNA SA COVASNA			53.939605362
TVBETETF	61.17	1612441200	3218714.177773279	87.63803680981594	50.64647210934616	22.136855167695547	6.012385570808945			116.64714157421004	16.60359182613827			4.619628872129847	4.610613782787795			2020-12-31			1936.7615263839475		FDI ETF BET PATRIA-TRADEVILLE			1612.4412
UAM	0.496	19583027.856	1133.6423033707865	29.166666666666675	9.734513274336276	-18.77510366731434	-52.45898457234033	-43.167834291250195	-25.890868596881955	6564.876921220248	0.2910133596831589	24.210790300374338	0.515974821988733	0.005124370767248197	0.0037451141358290333	3.657095329783233	0.024460942337939693	2025-12-31	1.564932195771037	3578.7697105263155	1910.4668887507366	0.9612872156983482	UAMT S.A.			19.583027855999998
UARG	1.8	64404838.800000004	2388.6052293577973	5.882352941176472	6.5088757396449815	-22.000741202005635	-75.74329829783052	-67.53497540035649			1.0144091793983305	34.026081986803135	-0.6256448700248901	-26.62774100614737	-19.0321369549709		-34.42564057303638	2025-12-31	1.670206134631529				ARGUS SA Constanta			64.40483880000001
UCET	13	36573030	176.54166666666666	52.941176470588225	31.313131313131315	2.8035143714806985	-28.684474768418774				7.895373914395073	4.624277456647398	1.6465337982660995	-1.119012307300403	-1.0672660734368007			2025-12-31				7.895373914395072	CLABUCET ESTIVAL 2002 SA NEPTUN			36.57303
UNIR	2	8090140	9219.549670329676	-21.875	72.41379310344828	43.904176161797665	-103.500651239007			6.058160328048572	0.4039599372549725	51.569276232542414	-0.45102729989839485	6.668029820615431	3.2293751031539566	31.031828284413045	21.510710317413018	2025-12-31	1.3031533187309665		2.447254065999065		UNIREA SA CLUJ NAPOCA			8.09014
UNISEM	0.67	52880506.43	13033.597971751407	68.34170854271358	60.28708133971294	31.777464398062325	-13.283942696293423			25.48124122042797	1.274205275202692	5.938548376045765	0.22327700880908527	5.000562037696887	4.703601242014077	43.39777770788416	91.93199784353587	2025-12-31	23.425414129270013		32.4683319817816	3.0007567889486046	UNISEM SA BUCURESTI	21.14679802955665	12.814328358208954	52.88050643
UPRR	2.5	3316565		0	0	-28.509616941650616	-81.625651239007			3.6890564031376107	0.07893497163882664	7.893851445687708	24.221111300396647	2.1397062829316185	1.9708010475829503	1.6020673725079653	1.7218170736843321	2025-12-31	0.06351880300706848		0.2911955625556991	0.10321574303484002	UPRUC CTR SA FAGARAS			3.316565
URBA	9.75	776568	32.88333333333333	-63.888888888888886	-63.888888888888886	-92.3985058305395	-145.51454012789588				0.8834605412698647	86.98321247611386	-19.14839041783849	-62.19472654939039	-8.095755405996146		-3.836211986962538	2025-12-31	0.0544924321797036				URBANA SA BISTRITA			0.776568
URCB	0.35	572355	0.36	-5.405405405405405	-5.405405405405405	-33.91502234705602	-87.0310566444124				1.3847711584942455	3.4691422899515385	0.19377484253653765	-11.011054362105966	-10.629065218660594		-142.221875	2025-12-31	17.88609375			1.8062200201969199	URC SA VASCAU			0.572355
UTGR	9.2	6224600.399999999	13.799999999999999	0	0	-28.509616941650616	-81.625651239007			245.11125812167748	1.6100955462286166	19.28854167536556	0.34768182066755643	0.656883555070872	0.530180296792404	1.5708991726683603	1.422869226019653	2025-12-31	3.487612661322946		394.65254503220575	26.460975101705937	UTILAJ GREU SA MURFATLAR			6.224600399999999
UZC	5.65	26849393.25	1457.8518000000008	-27.096774193548377	-29.374999999999996	-57.88461694165061	-108.72242543255538			1838.999537671233	0.2593414686421019	14.810975849787717	2.391220311840753	0.014102312878801045	0.012013622724060317	1.1029982930852453	0.18380996768721486	2025-12-31	3.3802644559615236		476.9288409318039	2.3628103073658866	UZUC S.A.			26.84939325
UZIN	0.705	10359093.75	12597.52030612245	13.709677419354826	27.027027027027017	-1.482589914623599	-67.91597381965218				0.2044379537609701	16.572643735355147	0.48148682262866865	-9.708648653673103	-8.099668900782506		-719.3291982137687	2025-12-31	15.147132686453244			1.4642145264766855	UZINEXPORT SA BUCURESTI			10.35909375
UZT	1	5365459	395.0105882352941	-20.63492063492064	-20.63492063492064	-49.14453757657125	-102.26057187392763	-52.07031306047174			0.1512115816640937	63.63869503421443	-5.636228512788934	-28.406790738001288	-10.959453847603081		-50.80685684256244	2025-12-31	0.2832073067462866				UZTEL S.A.			5.365459
VAC	6.6	207867224.39999998	1433.2700787401577	-11.409395973154368	-6.382978723404253	-34.89259566505487	-93.03504721216137	-11.051738099446185	-13.574428395363658	10.918345286840845	2.59396788031634	27.109621487150807	1.5185916293978283	25.221668240176992	15.47421648098778	32.567169181813526	27.33130728500876	2025-12-31	2.9832455866334344	66.27125841513072	28.321836980268447	4.346132213712463	PRODVINALCO S.A.	7.0562962962962965	6.902898550724637	207.86722439999997
VESY	0.0505	10053695.9945		0	0	-28.509616941650616	-81.625651239007				-0.22116958767915712	286.5761685638567			-0.9084725538168341		-45.5863210966849	2025-12-31	20.70638633283629				VES SA			10.0536959945
VIAG	1.8	39987460.800000004	500.51636363636374	24.13793103448276	-5.263157894736836	-33.772774836387455	-57.48772020452424			9.927733428272228	2.43966365279826	44.7701392947635	-0.2087829192695326	24.5742260348226	13.572310808422483	37.43531891392401	32.16916097183459	2024-12-31	3.1936685473955255		24.220330399626015		VINALCOOL ARGES SA PITESTI			39.98746080000001
VITK	6.6	9347144.4	26485.18181818182	-26.66666666666667	43.47826086956521	14.968643927914595	-108.29231790567367				1.025603302069027	15.785896721907852	0.27269434288401495	-6.040970172598677	-5.087348860150992		-73.27617415006549	2025-12-31	12.44043324566914			24.202922327608302	VITIMAS SA TECUCI			9.347144400000001
VNC	0.0975	195986285.7225	8096.6754112970675	-19.753086419753085	1.5625	-26.947116941650616	-101.37873765876009	-20.60083813735638			0.6973680687349156	62.496777016607574	-0.13773702378197025	-17.842189708884217	-6.644843244634085		-11.689679280863487	2025-12-31	0.497950125470108				VRANCART SA			195.98628572249999
WINE	20	822882420	119306.90133603236	-3.8461538461538547	2.7749229188078095	-25.734694022842806	-85.47180508516085	-1.5802556049846928	-10.87454179895685	15.515836211039716	1.9112828622077207	49.86677850209767	1.7597811118628588	12.506731075425147	6.213922712300308	18.302003520830933	12.38154217296731	2025-12-31	1.892530594598531	88.58442424545805	29.655151842982185	11.365049815103719	PURCARI WINERIES PUBLIC COMPANY LIMITED	3.1553398058252426	3.25	822.88242
XFOA	2.14	11249849.46	422.4546511627907	122.9166666666667	75.40983606557378	46.900219123923165	41.2910154276597																Fondul Oamenilor de Afaceri Bucuresti ETF			11.24984946
